Name,Student ID,GPA,Grade,Birth Year,Gender,Favorite Color,Number of Days Absent
Molly Robinson DDS,100001,2.12,9,1999,M,Red,0
Jonathan Schneider,100002,1.93,9,1998,M,Green,2
Lisa Lin,100003,3.26,9,1999,F,Purple,4
Zachary Crawford,100004,0.83,9,1998,F,Orange,2
Sara Paul,100005,0.56,9,1998,M,Orange,9
Raymond Gomez,100006,1.3,9,1999,M,Green,4
Nancy Jones,100007,0.94,9,1998,M,Red,3
William Brown,100008,2.25,9,1999,M,Red,3
Catherine Cooke,100009,2.45,9,1998,M,Blue,5
Zachary Guerrero,100010,3.82,9,1999,M,Pink,1
Kimberly Miller,100011,1.96,9,1998,M,Pink,4
John Gallagher,100012,2.4,9,1999,M,Orange,3
Ashley Carlson,100013,0.05,9,1999,F,Purple,5
Jason Contreras,100014,2.97,9,1999,M,Purple,6
Erin Paul,100015,0.92,9,1999,F,Red,0
Tiffany Allen,100016,2.71,9,1999,M,Yellow,9
Hayley Collins,100017,2.03,9,1998,M,Yellow,8
Stanley Craig,100018,0.13,9,1998,F,Blue,3
George Turner,100019,2.1,9,1998,F,Orange,9
Elizabeth Daniel,100020,3.94,9,1999,M,Orange,2
Wayne Bush,100021,2.62,9,1999,M,Purple,7
Sandra Parker,100022,0.92,9,1998,M,Orange,0
James Wright,100023,0.99,9,1999,F,Pink,5
Mathew Brooks,100024,3.73,9,1998,F,Red,4
Christine Hale,100025,1.6,9,1998,F,Orange,10
Miguel Cantu,100026,2.77,9,1998,F,Yellow,6
Monica Hunt,100027,1.07,9,1999,F,Purple,1
Sarah Dunn,100028,1.22,9,1999,F,Orange,6
Scott Martin,100029,1.06,9,1998,M,Red,4
Jesus Silva,100030,0.62,9,1998,M,Pink,6
Makayla Ibarra,100031,0.25,9,1998,F,Green,9
Kimberly Allen,100032,2.7,9,1999,F,Green,6
Daniel Austin,100033,2.78,9,1998,F,Blue,8
Mark Cook,100034,2.84,9,1999,M,Blue,3
Alexis Rodriguez,100035,2.43,9,1999,M,Purple,10
Rachel Garcia,100036,1.41,9,1999,F,Yellow,7
Kelly Cooper,100037,1.73,9,1999,F,Orange,9
Richard Lloyd,100038,1.65,9,1999,F,Red,7
Jennifer Green,100039,0.95,9,1998,M,Blue,1
Alan Carroll,100040,0.89,9,1998,M,Red,6
Michael Mitchell,100041,3.57,9,1998,M,Blue,10
Catherine Daniels,100042,1.3,9,1999,F,Purple,9
Corey Huffman,100043,0.51,9,1998,M,Blue,10
Joshua Patterson,100044,0.58,9,1998,M,Yellow,7
Charles Soto,100045,0.04,9,1999,F,Pink,0
Renee Moon,100046,0.79,9,1998,M,Yellow,7
Jasmine Cox,100047,4.0,9,1998,M,Purple,1
Robert Ball,100048,1.5,9,1998,F,Orange,4
Maurice Moore,100049,0.34,9,1998,M,Green,5
Manuel Bush,100050,0.65,9,1998,M,Orange,2
Joseph Ballard,100051,3.34,9,1999,M,Orange,0
Mark Hoffman,100052,0.18,9,1998,M,Blue,10
Dakota Arnold,100053,1.41,9,1998,M,Orange,10
Adam Johnston,100054,1.92,9,1999,M,Blue,4
Christine King,100055,1.63,9,1998,M,Yellow,0
Jay Benton,100056,0.94,9,1999,M,Red,9
Robert Ray DDS,100057,1.69,9,1998,F,Green,3
Mr. Gary Watson,100058,0.11,9,1998,M,Blue,1
Claudia Cross,100059,1.06,9,1999,F,Yellow,4
Matthew Foster,100060,3.65,9,1998,M,Yellow,10
Christopher Thomas,100061,3.67,9,1998,M,Pink,1
John Roberson,100062,0.26,9,1998,M,Blue,2
John Jenkins,100063,1.47,9,1999,M,Red,4
Lisa Randall,100064,0.69,9,1999,F,Purple,7
Joshua Ross,100065,2.1,9,1999,F,Purple,1
Jordan Wilson,100066,2.66,9,1999,M,Red,7
Jason Cox,100067,3.74,9,1998,F,Pink,3
Paul Ramsey,100068,2.19,9,1998,F,Blue,1
Dr. Jose Thomas PhD,100069,2.69,9,1999,F,Yellow,5
Stephanie Cox,100070,0.71,9,1998,M,Pink,3
Daniel Parker,100071,0.67,9,1998,F,Red,0
Kimberly Hernandez,100072,2.02,9,1998,M,Pink,8
Dr. Timothy Garcia,100073,0.02,9,1999,M,Yellow,0
Christopher Dean,100074,1.0,9,1999,M,Orange,8
Danielle Carroll,100075,1.52,9,1999,M,Yellow,6
Ivan Perez,100076,2.34,9,1999,F,Blue,7
Christina Cooley,100077,1.94,9,1998,M,Pink,3
Jessica Kelly,100078,0.16,9,1999,F,Yellow,4
Sarah Keith,100079,3.95,9,1998,M,Pink,3
Sean Smith,100080,0.52,9,1998,M,Pink,5
Tara Lester,100081,2.55,9,1999,F,Red,6
Melissa Richardson,100082,2.58,9,1998,F,Blue,6
Michelle Fleming,100083,1.89,9,1998,M,Blue,7
Alexander King,100084,1.08,9,1999,F,Yellow,10
Paula Carroll,100085,3.29,9,1998,M,Purple,4
David Smith,100086,3.68,9,1998,M,Purple,3
Mark Avila,100087,3.42,9,1999,M,Pink,6
Christopher Gould,100088,1.68,9,1999,F,Pink,4
Marcus Rodriguez,100089,0.84,9,1998,F,Pink,7
Susan Williams,100090,1.76,9,1999,F,Blue,8
John Calhoun,100091,3.46,9,1998,M,Orange,3
Brian Phillips,100092,0.4,9,1999,M,Orange,0
Michael Martinez MD,100093,1.1,9,1999,F,Pink,0
Tiffany Chang,100094,2.98,9,1999,F,Green,7
Sarah Morris,100095,2.25,9,1999,M,Purple,9
Patrick Williamson,100096,2.09,9,1999,F,Blue,6
Michael Molina,100097,1.94,9,1999,F,Purple,3
Heather Rodriguez,100098,0.33,9,1999,M,Yellow,0
Kyle Smith,100099,2.1,9,1998,F,Purple,7
Joel Hinton,100100,3.17,9,1998,M,Pink,0
Patricia Garcia,100101,0.81,9,1998,M,Purple,0
Kaitlin Nichols DDS,100102,2.99,9,1999,F,Purple,5
William Ritter,100103,1.12,9,1998,F,Red,2
Brandon Knight,100104,3.53,9,1998,F,Yellow,2
Sherry Stevens,100105,1.88,9,1998,M,Yellow,2
Aaron Morrison,100106,2.43,9,1998,F,Orange,2
Nathan Bennett,100107,0.28,9,1998,F,Pink,6
Robert Ramos,100108,3.07,9,1999,F,Purple,7
Kelsey Munoz,100109,1.03,9,1998,M,Yellow,5
Terri Guerrero,100110,1.9,9,1998,M,Yellow,2
Justin Horne,100111,3.58,9,1998,M,Blue,0
Sarah Ortiz,100112,3.0,9,1998,M,Pink,7
Justin Webb,100113,1.75,9,1999,F,Yellow,6
Tony Fletcher,100114,1.36,9,1999,F,Pink,3
Karen Young,100115,0.88,9,1999,M,Orange,10
Dave Williams,100116,2.99,9,1998,F,Red,2
Carol Webb,100117,0.74,9,1998,F,Orange,5
Willie Lewis,100118,0.93,9,1999,F,Yellow,7
Helen Reynolds,100119,3.4,9,1998,M,Green,3
Destiny Harris,100120,2.82,9,1998,M,Purple,0
Matthew Carroll,100121,1.49,9,1999,F,Pink,9
Matthew Lang,100122,3.96,9,1999,F,Red,0
Amy Copeland,100123,2.1,9,1998,F,Green,8
Erin Obrien,100124,0.36,9,1998,M,Orange,8
Danielle Jones,100125,0.1,9,1998,F,Purple,10
Amy Gibson,100126,0.59,9,1998,F,Orange,1
Emily Mcgee,100127,1.07,9,1999,M,Orange,9
Steven Taylor,100128,2.11,9,1998,M,Pink,1
Kevin Miller,100129,3.16,9,1998,M,Yellow,9
Bridget Gonzalez,100130,3.26,9,1998,F,Pink,4
Beth Miller,100131,1.17,9,1998,F,Purple,7
Johnny Moore,100132,1.18,9,1998,F,Yellow,5
Erik Davis,100133,1.51,9,1998,F,Red,9
Randy Gordon,100134,3.83,9,1999,F,Purple,7
Autumn Davies,100135,2.25,9,1998,M,Blue,5
Justin Mcbride,100136,2.84,9,1998,F,Orange,2
Lee Cooper,100137,2.48,9,1999,F,Purple,2
Tracy Lee,100138,3.28,9,1998,M,Purple,2
Desiree Orr,100139,3.59,9,1999,F,Blue,3
Colleen Hernandez,100140,1.14,9,1999,M,Yellow,8
Rodney Johnson,100141,3.25,9,1998,M,Orange,2
Kelsey Zamora,100142,0.72,9,1999,M,Orange,2
Kristina Hall,100143,1.92,9,1999,F,Green,2
Heather Hayes,100144,0.11,9,1998,M,Pink,4
Jill Miller,100145,2.79,9,1998,M,Purple,9
Stephen Gomez,100146,0.79,9,1999,M,Pink,2
Monica Gould,100147,1.8,9,1999,F,Blue,7
Joseph Ewing,100148,3.93,9,1998,F,Green,10
Christopher Rivas,100149,0.41,9,1998,M,Pink,0
Dale Haynes,100150,1.31,9,1999,M,Green,0
Jay Moreno,100151,3.65,9,1998,M,Orange,5
Stephanie Martin,100152,1.48,9,1999,M,Green,7
Alyssa Johnson,100153,3.41,9,1999,M,Green,1
Sarah Douglas,100154,1.77,9,1999,F,Green,8
Danielle Smith,100155,1.18,9,1998,M,Green,6
Alison Ramirez,100156,3.27,9,1999,F,Yellow,6
James Griffin,100157,1.58,9,1999,F,Orange,9
Taylor Padilla,100158,2.85,9,1998,F,Green,2
Jennifer Ferguson,100159,1.74,9,1999,F,Blue,10
Tiffany Gonzales,100160,1.44,9,1999,M,Green,4
Christine Ayala,100161,1.66,9,1998,F,Blue,0
Mrs. Rachel Yang MD,100162,0.39,9,1998,M,Purple,9
Martin Dixon,100163,2.31,9,1999,F,Orange,5
Kristen Pearson,100164,2.23,9,1999,F,Blue,8
Sharon Turner,100165,0.08,9,1999,M,Blue,1
Ashley Coleman,100166,0.64,9,1999,F,Purple,6
Kent Lopez,100167,1.64,9,1998,F,Pink,1
Chad Stevens,100168,2.86,9,1998,M,Yellow,4
Angela Gibson,100169,0.85,9,1999,F,Yellow,3
Chase Burns,100170,3.46,9,1999,M,Orange,2
Timothy Gaines,100171,1.52,9,1998,M,Orange,5
John Wallace,100172,2.6,9,1998,F,Orange,6
Kristine Brewer,100173,3.85,9,1998,M,Yellow,3
Leslie White,100174,2.58,9,1998,F,Green,4
Haley Rogers,100175,3.63,9,1999,M,Yellow,5
Christopher Miller,100176,0.85,9,1999,F,Green,4
Sue Frederick,100177,0.04,9,1998,F,Pink,2
Natalie Paul,100178,2.54,9,1999,F,Blue,2
Anthony Hood DVM,100179,3.89,9,1998,F,Red,9
Robert Armstrong,100180,3.61,9,1999,M,Green,5
Lisa Smith,100181,2.99,9,1998,F,Pink,9
Holly Patterson,100182,2.67,9,1998,M,Red,7
Alexandria Walker,100183,2.16,9,1998,F,Purple,3
Jonathon Barber,100184,2.91,9,1998,F,Blue,9
Jeremiah Mcpherson,100185,0.09,9,1999,F,Green,5
Charles Morris,100186,1.75,9,1998,F,Pink,2
Kayla Jones,100187,1.72,9,1998,F,Red,6
Allen Smith,100188,0.31,9,1999,F,Red,6
John Mack,100189,0.29,9,1998,M,Yellow,7
Brittney Neal,100190,0.73,9,1999,F,Blue,10
Laurie Sosa,100191,1.63,9,1998,F,Red,8
Mrs. Robyn Morris PhD,100192,2.33,9,1998,F,Blue,3
Erin Sanders,100193,2.01,9,1998,F,Blue,4
Thomas Barrett,100194,3.23,9,1999,F,Purple,8
Lawrence Frazier,100195,0.86,9,1999,F,Green,7
David Wade,100196,2.03,9,1999,F,Pink,9
Stephanie Garrett,100197,0.47,9,1999,F,Red,9
Craig Young,100198,1.05,9,1998,M,Yellow,6
Angela Bennett,100199,0.58,9,1998,M,Orange,6
Jill Chung,100200,0.49,9,1998,F,Purple,8
Raymond Lopez,100201,0.33,9,1999,F,Orange,2
Daniel Bright,100202,1.65,9,1999,M,Pink,0
Leah Kirk,100203,0.95,9,1998,M,Red,5
Fernando Cabrera,100204,1.56,9,1999,F,Purple,10
Amy Nelson,100205,2.55,9,1999,F,Yellow,10
Michelle Ortiz,100206,1.74,9,1999,F,Yellow,4
James Holland,100207,1.82,9,1999,M,Yellow,4
Mary Mcmahon,100208,2.43,9,1998,M,Yellow,6
Andrew Rasmussen,100209,2.22,9,1999,M,Pink,2
Joshua West,100210,3.11,9,1998,F,Orange,5
Brian Gardner,100211,3.84,9,1998,F,Purple,9
William Parker,100212,1.83,9,1998,M,Green,5
Patrick Woods,100213,1.36,9,1999,F,Purple,6
Brittany Sellers,100214,0.31,9,1998,F,Green,4
Shane White,100215,1.93,9,1999,M,Pink,6
Vanessa Rodriguez,100216,0.93,9,1998,M,Yellow,8
Caroline Hale,100217,3.71,9,1998,M,Pink,4
Jennifer Simon,100218,0.25,9,1998,M,Yellow,3
Anthony Oliver,100219,3.47,9,1999,F,Red,2
Daniel Webb,100220,2.79,9,1998,F,Green,6
Christopher Ortiz,100221,0.11,9,1999,F,Red,5
Lauren Clark,100222,3.29,9,1998,M,Red,8
Jaime Ramirez,100223,1.91,9,1999,M,Pink,1
Joshua Shaw,100224,2.76,9,1999,M,Orange,3
Terry Padilla,100225,2.54,9,1998,M,Red,5
Michael Valencia,100226,2.67,9,1998,F,Yellow,10
James Cardenas,100227,0.33,9,1998,F,Purple,0
Chelsea Hardy,100228,2.28,9,1998,M,Blue,6
Lisa Pratt,100229,2.58,9,1999,M,Orange,8
Amanda Mejia,100230,0.14,9,1998,F,Red,4
Matthew Cooper,100231,2.22,9,1998,F,Orange,1
Melvin Sanchez,100232,2.27,9,1998,M,Red,3
Cory Graham,100233,0.1,9,1999,M,Purple,8
Emily Young,100234,2.75,9,1999,F,Yellow,7
Steven Fry,100235,2.55,9,1999,F,Blue,10
Anthony Kelly,100236,2.64,9,1998,M,Blue,8
Deanna Stewart,100237,1.16,9,1999,F,Yellow,9
Kyle Rowe,100238,0.33,9,1998,F,Pink,10
Jessica Hayes,100239,3.35,9,1999,F,Orange,3
Frank Robbins,100240,2.18,9,1999,M,Red,9
Hailey Rowe,100241,3.46,9,1998,F,Orange,3
Benjamin Greer,100242,2.56,9,1999,M,Purple,8
Joel Sandoval,100243,2.86,9,1998,F,Red,9
Adam Miller,100244,1.37,9,1999,M,Red,4
Jonathan Burgess,100245,2.35,9,1998,M,Orange,5
Brian Anderson,100246,3.57,9,1998,M,Blue,8
Kevin Hernandez,100247,2.73,9,1999,M,Pink,4
Timothy Washington,100248,2.49,9,1999,F,Yellow,7
Amy Wallace,100249,3.86,9,1999,F,Pink,6
Wesley Patrick,100250,3.98,9,1999,M,Orange,8
Michele Dean,100251,3.92,9,1998,F,Purple,8
Andrea Bryant,100252,1.69,9,1998,F,Pink,2
Jessica Pratt,100253,3.52,9,1998,F,Yellow,10
Jennifer Morris,100254,1.82,9,1999,M,Orange,4
Michael Cook,100255,2.38,9,1999,F,Pink,4
Angelica Price,100256,3.23,9,1998,M,Orange,4
Anthony Huynh,100257,1.05,9,1998,F,Yellow,8
Deborah Hernandez,100258,1.38,9,1999,M,Red,1
Chelsea Terry,100259,3.24,9,1999,F,Green,0
Jessica Christian,100260,2.39,9,1999,F,Green,2
Danny Patterson,100261,0.31,9,1999,F,Blue,7
Adrian Andersen,100262,2.94,9,1998,M,Red,10
Sandra Lopez,100263,3.25,9,1999,F,Pink,3
Jennifer Richmond,100264,1.74,9,1999,F,Blue,2
Melissa Graves,100265,3.96,9,1999,F,Purple,0
Marcus Mendoza,100266,1.76,9,1999,F,Blue,7
Haley Watson,100267,3.61,9,1998,M,Pink,10
Julie Hughes,100268,0.75,9,1999,M,Yellow,6
Sean Smith,100269,1.65,9,1999,M,Blue,8
Mark Hughes,100270,1.94,9,1999,M,Pink,8
Brenda Bishop,100271,2.94,9,1998,F,Yellow,8
Jason Sanchez,100272,3.72,9,1998,F,Yellow,8
Taylor Holloway,100273,2.14,9,1998,F,Orange,6
Cynthia Cross,100274,1.45,9,1998,F,Pink,10
Alexander Garner,100275,3.43,9,1999,F,Orange,2
Jessica Steele,100276,2.62,9,1998,M,Green,10
Gloria Hernandez,100277,2.13,9,1998,F,Yellow,3
Ricky Baker,100278,0.95,9,1999,M,Orange,10
Deborah Evans,100279,1.2,9,1998,M,Yellow,0
Matthew Hahn,100280,2.51,9,1999,F,Pink,6
Matthew Morales,100281,1.15,9,1998,F,Orange,7
Julia Herrera,100282,0.05,9,1998,F,Yellow,4
Kenneth Davis,100283,0.3,9,1999,F,Blue,7
Virginia Davis,100284,2.18,9,1998,F,Orange,2
Matthew Blankenship,100285,3.71,9,1998,M,Purple,8
Linda Jones,100286,0.66,9,1998,F,Yellow,2
Brian Molina,100287,0.21,9,1999,M,Yellow,4
William Nelson,100288,3.17,9,1998,F,Pink,8
Zachary Mccormick,100289,0.12,9,1998,M,Orange,6
Kelly Rogers,100290,0.21,9,1999,F,Red,2
Carol Collins,100291,3.21,9,1998,F,Orange,4
Brent Brooks,100292,1.25,9,1998,M,Pink,4
Dylan Mcdonald,100293,2.97,9,1998,F,Orange,3
Dalton Torres,100294,1.43,9,1998,F,Pink,8
Paul Benton,100295,0.81,9,1999,M,Pink,7
Elizabeth Hartman,100296,3.46,9,1998,M,Purple,2
Martin Larson,100297,2.18,9,1998,M,Blue,1
Kelsey Hall,100298,2.35,9,1998,F,Orange,7
Mary Flores,100299,2.83,9,1998,M,Blue,10
Kenneth Rhodes MD,100300,0.08,9,1999,F,Orange,8
Paul Rice,100301,2.0,9,1998,F,Red,4
William Howell,100302,2.37,9,1998,F,Yellow,8
William Sanders,100303,2.51,9,1999,M,Green,7
Joshua Malone,100304,2.33,9,1999,M,Pink,8
Logan Johnson,100305,0.72,9,1999,F,Pink,10
Douglas Coleman,100306,0.79,9,1998,F,Blue,6
Mrs. Cynthia Thomas,100307,2.86,9,1999,F,Yellow,4
Eileen Robinson,100308,0.33,9,1998,F,Red,3
Mr. Adam Watson,100309,0.34,9,1999,F,Pink,0
Nicole Marshall,100310,2.14,9,1999,M,Purple,5
Tyler Mendoza,100311,2.34,9,1998,F,Red,4
Travis Richards,100312,0.74,9,1998,F,Purple,1
Denise Johnson,100313,1.2,9,1999,M,Orange,2
Shawn Chen,100314,2.99,9,1998,M,Green,5
Alexis West MD,100315,2.32,9,1999,M,Blue,5
Gary Martin,100316,3.94,9,1998,M,Purple,7
Anthony Figueroa,100317,3.41,9,1999,F,Pink,0
Marie Anderson,100318,1.11,9,1998,F,Pink,7
Karen Wong,100319,0.5,9,1998,F,Pink,10
Harry Moreno,100320,3.28,9,1999,F,Red,7
Anthony Bell,100321,1.42,9,1999,F,Blue,5
Corey Dudley,100322,0.68,9,1998,F,Purple,0
Thomas Rodriguez,100323,1.4,9,1999,M,Yellow,7
Jessica Liu,100324,1.69,9,1999,M,Orange,2
Misty Vasquez,100325,2.1,9,1999,F,Pink,7
Kevin Simmons,100326,3.45,9,1999,F,Red,2
John Martin,100327,0.76,9,1998,M,Green,0
Joshua Dunn,100328,3.08,9,1999,M,Pink,2
Cynthia Boyd,100329,3.88,9,1998,M,Blue,4
Heather Benitez,100330,0.79,9,1999,M,Orange,2
Rachel Daniel,100331,2.38,9,1998,M,Yellow,5
Kevin Grant,100332,1.88,9,1999,F,Pink,7
Elizabeth Murray,100333,2.49,9,1999,M,Orange,10
Audrey Smith,100334,1.04,9,1999,F,Yellow,10
Anne Jimenez,100335,0.39,9,1999,F,Orange,8
Steven Richards MD,100336,2.69,9,1999,M,Green,2
Cynthia Morris,100337,0.52,9,1998,F,Green,2
Angela Gibbs,100338,2.18,9,1999,F,Orange,6
Monica Clark,100339,1.22,9,1999,M,Yellow,3
Daniel Henderson,100340,1.04,9,1998,M,Pink,4
Caroline Baird,100341,3.06,9,1998,M,Pink,3
Ronald Scott,100342,1.57,9,1999,M,Blue,1
Edward Dixon,100343,0.14,9,1998,M,Pink,10
Zachary Rowland,100344,0.34,9,1998,F,Green,4
Randy Stout,100345,3.7,9,1999,F,Red,1
Natalie Brooks,100346,2.92,9,1998,M,Purple,2
Dana Woods,100347,2.44,9,1999,M,Purple,1
Barbara Palmer,100348,3.37,9,1999,M,Purple,6
Leslie Mosley,100349,3.68,9,1998,F,Purple,4
Justin Alvarez,100350,2.41,9,1998,F,Yellow,4
Hannah Schneider,100351,2.13,9,1999,F,Pink,5
Anthony Bush,100352,1.54,9,1998,M,Yellow,6
Christopher Hall,100353,1.53,9,1999,F,Purple,6
Yolanda Perez,100354,3.31,9,1999,F,Yellow,5
Timothy Young,100355,1.87,9,1998,F,Orange,10
Yvette Evans,100356,2.26,9,1998,F,Pink,1
Christopher Harris,100357,3.08,9,1998,M,Orange,4
Mary Brown,100358,3.67,9,1999,M,Green,3
Joshua Hogan,100359,0.27,9,1999,F,Orange,7
Trevor Brown,100360,3.13,9,1998,F,Purple,0
Mark Torres,100361,1.76,9,1998,F,Green,6
Jason Dougherty,100362,0.24,9,1998,F,Pink,8
Amber Williams,100363,1.37,9,1998,F,Orange,0
Lucas Stevens,100364,2.4,9,1998,M,Orange,6
Wendy Clark,100365,1.5,9,1998,M,Yellow,1
Tammy Ward,100366,3.23,9,1999,F,Red,9
Austin Miller,100367,2.45,9,1998,F,Orange,8
Robert Ramirez,100368,0.79,9,1998,M,Purple,2
Jason Greene,100369,0.41,9,1998,M,Yellow,6
Roger Mitchell,100370,1.84,9,1998,F,Green,10
Kristen Stone,100371,0.64,9,1998,F,Green,7
Ronald Love,100372,3.96,9,1999,F,Green,4
Melissa Thompson,100373,3.48,9,1998,M,Green,3
Alicia Kirk,100374,1.33,9,1999,F,Purple,5
Brittany Morris,100375,2.87,9,1999,M,Red,0
James Robles,100376,3.43,9,1998,F,Green,1
Eddie Martin,100377,1.4,9,1998,M,Purple,3
Terry Peters,100378,3.07,9,1998,M,Pink,0
Robert Williams,100379,3.19,9,1999,M,Red,3
Scott Rivera,100380,1.8,9,1998,F,Yellow,8
Stacey Scott,100381,2.65,9,1999,M,Blue,8
Brandi Rios,100382,3.7,9,1999,M,Pink,0
Trevor Lane,100383,3.82,9,1998,M,Purple,0
Martha Gibson,100384,1.78,9,1999,F,Blue,2
Natasha Hall,100385,3.12,9,1999,F,Red,6
Garrett Townsend,100386,1.13,9,1998,M,Red,1
Christopher Lawrence,100387,3.25,9,1998,M,Red,5
James Jackson,100388,0.94,9,1999,M,Purple,1
Tara Joseph,100389,2.92,9,1999,M,Red,6
Jennifer King,100390,0.77,9,1998,F,Orange,0
Clayton Thompson,100391,2.73,9,1998,F,Green,5
Diamond Green MD,100392,3.58,9,1999,M,Orange,9
Tammy Valencia,100393,3.06,9,1999,F,Purple,3
James Quinn,100394,3.96,9,1998,F,Red,6
Brittany Lopez,100395,3.19,9,1998,F,Red,10
Travis Johnson,100396,0.7,9,1998,M,Orange,0
Kelly Austin,100397,0.5,9,1998,M,Orange,6
Michael Shaw,100398,1.24,9,1998,M,Red,6
Lawrence Payne,100399,1.6,9,1999,F,Red,6
Kelsey Fisher,100400,0.24,9,1998,M,Purple,5
Marcus Anderson,100401,1.76,9,1999,M,Purple,8
Suzanne Ward,100402,0.81,9,1998,F,Green,10
Jason Wright,100403,2.97,9,1998,M,Yellow,0
Shannon Hill,100404,2.01,9,1998,M,Green,7
Mark Hill,100405,1.51,9,1998,F,Pink,8
Jessica Levine,100406,1.14,9,1998,M,Red,3
Christian Armstrong,100407,1.18,9,1999,M,Pink,9
Paula Mercado,100408,0.27,9,1999,F,Pink,7
Cheryl Gray,100409,1.85,9,1999,M,Orange,4
Patricia Martin,100410,2.38,9,1998,F,Red,2
Patrick Bryant,100411,0.89,9,1998,M,Yellow,8
Christina Young,100412,1.19,9,1998,F,Orange,10
Caleb Mcdonald,100413,3.58,9,1998,M,Pink,1
William Brown,100414,0.32,9,1999,F,Pink,1
Brett Arnold,100415,3.87,9,1999,M,Orange,8
Victoria Gonzalez,100416,0.64,9,1999,F,Green,6
Joseph Lopez,100417,2.69,9,1998,F,Pink,10
Richard Trujillo,100418,3.14,9,1999,F,Green,7
Kenneth Baker,100419,0.16,9,1998,F,Pink,3
William Garner,100420,1.76,9,1998,F,Red,7
Scott Moore,100421,2.5,9,1999,F,Orange,0
Melissa Davis,100422,2.9,9,1999,F,Yellow,6
Nathan Watts,100423,0.73,9,1999,M,Blue,3
Jonathan Blackwell,100424,1.08,9,1998,M,Green,3
Kristin Smith,100425,1.73,9,1999,F,Green,9
Rebecca Fox,100426,3.09,9,1999,F,Orange,2
Marisa Herrera,100427,0.15,9,1999,F,Blue,10
Carla Rivera,100428,0.56,9,1998,F,Purple,5
David Wiggins,100429,0.78,9,1999,M,Yellow,6
Juan Cummings,100430,0.55,9,1999,F,Purple,1
Kaitlyn Joyce,100431,3.11,9,1999,M,Pink,1
Michelle Callahan,100432,0.06,9,1998,M,Green,9
Lauren Thompson,100433,3.74,9,1998,F,Yellow,8
Kelsey Wilcox,100434,1.5,9,1998,M,Red,4
Jeffrey Dixon,100435,0.57,9,1999,M,Orange,7
Ariel Lopez,100436,1.07,9,1999,F,Red,8
Andrew Nguyen,100437,3.32,9,1999,M,Orange,6
Matthew Martinez,100438,2.07,9,1999,M,Yellow,2
Lauren Meyer,100439,3.58,9,1998,M,Pink,9
Mrs. Autumn Johnson,100440,1.69,9,1999,M,Green,8
Michael Lopez,100441,2.72,9,1999,F,Red,6
Phillip Jimenez,100442,1.46,9,1999,M,Red,7
Mrs. Kara Paul,100443,3.08,9,1998,F,Purple,9
Maurice Phillips,100444,2.62,9,1999,F,Pink,5
Brittany Hall,100445,2.42,9,1999,F,Purple,2
Terry Cooley,100446,1.57,9,1998,M,Purple,7
Kayla Tucker,100447,2.75,9,1999,F,Blue,10
Amanda Lewis,100448,0.42,9,1998,F,Purple,2
Glenn Perez,100449,3.81,9,1999,M,Pink,6
Kristi Medina,100450,1.82,9,1999,M,Yellow,10
Steven Turner,100451,0.24,9,1998,M,Pink,0
Nancy Oconnell DVM,100452,1.63,9,1998,M,Red,8
Sharon Gibson,100453,0.97,9,1998,F,Pink,8
Kristine Andrade,100454,3.3,9,1998,F,Purple,1
Joseph Garrett,100455,3.83,9,1998,M,Purple,8
Christina Cannon,100456,0.71,9,1999,F,Orange,3
Sheila Jones,100457,0.25,9,1998,M,Orange,3
Tina Payne,100458,0.32,9,1998,M,Green,5
Jennifer Gilbert MD,100459,2.62,9,1998,M,Pink,3
Alex Chang,100460,2.66,9,1998,F,Yellow,0
Teresa Ramirez,100461,2.79,9,1999,M,Orange,0
Stephen Page,100462,1.9,9,1998,F,Green,2
Eric Jackson,100463,1.82,9,1999,M,Pink,10
Keith Munoz,100464,3.98,9,1999,M,Green,3
David Jones,100465,2.67,9,1999,M,Red,5
Christopher Roberts,100466,1.47,9,1998,M,Red,8
John Leach,100467,3.77,9,1998,F,Purple,7
Daniel Murray,100468,3.22,9,1998,F,Red,0
Scott Navarro,100469,1.42,9,1999,M,Pink,2
Thomas Moss,100470,2.16,9,1998,M,Pink,1
Robert Holloway,100471,0.16,9,1999,M,Purple,5
Edward Johnson,100472,0.95,9,1999,M,Pink,8
Jason Wilson,100473,0.02,9,1998,M,Red,8
Angela Peterson,100474,0.5,9,1999,M,Purple,5
Cody Wagner,100475,0.74,9,1999,F,Purple,1
Ann Hamilton,100476,2.28,9,1999,F,Pink,7
Cynthia Benton,100477,0.11,9,1998,M,Orange,10
James Cherry,100478,2.66,9,1999,M,Red,5
Jason Hansen,100479,0.32,9,1999,M,Pink,4
Andrea Morris,100480,2.79,9,1999,M,Orange,1
Mark Martin,100481,2.1,10,1997,M,Green,10
Aaron Clark,100482,3.88,10,1997,M,Pink,4
Jesse Johnson,100483,2.23,10,1997,F,Pink,8
Tiffany Moore,100484,0.47,10,1997,M,Orange,1
Cheyenne Gardner,100485,2.84,10,1998,F,Green,5
Antonio West,100486,2.88,10,1998,M,Blue,5
Warren Lopez,100487,3.34,10,1998,F,Orange,7
Donald Harris,100488,2.91,10,1997,M,Blue,4
Susan Collier,100489,2.97,10,1998,F,Orange,1
Samantha Kelly,100490,3.63,10,1998,F,Pink,9
Alicia Garcia,100491,3.67,10,1998,M,Red,4
Stephanie Shaw,100492,3.99,10,1997,F,Blue,10
Dr. Bryan Riggs,100493,1.13,10,1997,M,Blue,10
Yolanda Robinson,100494,1.39,10,1998,F,Green,6
Dana Riley,100495,1.99,10,1998,M,Purple,0
Kerry Parker,100496,2.32,10,1998,F,Green,7
Krystal Serrano,100497,1.92,10,1998,F,Yellow,7
Denise Tate,100498,2.93,10,1998,F,Red,6
Mr. Cody Henderson,100499,2.57,10,1997,F,Pink,6
Stephanie Hernandez,100500,2.3,10,1998,F,Pink,3
Zachary Gillespie,100501,1.62,10,1997,M,Red,8
Brandon Henry,100502,0.47,10,1997,M,Purple,8
Marcus Roberts,100503,3.6,10,1998,M,Pink,0
Susan Lyons,100504,2.19,10,1997,F,Yellow,5
Jeffrey Swanson,100505,1.69,10,1997,M,Purple,9
Terry Daniels,100506,3.7,10,1997,F,Orange,1
Frederick Gutierrez,100507,2.97,10,1998,M,Red,5
Justin Delacruz,100508,3.91,10,1997,F,Yellow,9
Karen Vargas,100509,2.6,10,1998,M,Yellow,3
Jacqueline Hall,100510,3.37,10,1998,M,Pink,3
Thomas Friedman,100511,1.55,10,1998,F,Purple,2
Brian Hines,100512,1.48,10,1998,M,Green,0
Susan Castillo,100513,3.28,10,1997,M,Purple,2
Diana Snyder,100514,1.96,10,1997,M,Orange,1
Sarah Barnes,100515,1.48,10,1997,F,Red,8
Pamela Mcdonald,100516,2.48,10,1997,F,Blue,4
Lisa Walker,100517,0.46,10,1998,F,Purple,8
Mrs. Susan Young,100518,3.28,10,1998,F,Yellow,1
David Castillo,100519,1.09,10,1997,F,Green,5
Sarah Clay,100520,3.88,10,1997,M,Green,9
Dylan Walker,100521,1.67,10,1997,M,Blue,3
Sara White,100522,1.79,10,1998,M,Pink,5
Kristen Jackson,100523,2.67,10,1997,F,Pink,1
Gregory Williams,100524,0.02,10,1998,M,Green,8
Heather Hughes,100525,3.67,10,1998,F,Pink,0
John Strong,100526,3.12,10,1998,M,Orange,10
Barbara Campbell,100527,0.56,10,1997,M,Yellow,1
Stacey Johnson,100528,2.78,10,1997,F,Red,7
Jessica Martinez,100529,2.97,10,1997,M,Purple,0
Jennifer Thompson,100530,1.71,10,1997,F,Purple,1
Mary Davis,100531,0.51,10,1998,F,Orange,9
Richard Webb,100532,0.2,10,1997,M,Green,3
Kaitlyn Bell,100533,1.6,10,1997,F,Green,5
Donna Tate,100534,0.97,10,1997,M,Yellow,4
Michael Patterson,100535,1.8,10,1997,F,Yellow,4
Maurice Diaz,100536,0.43,10,1997,M,Green,6
William White,100537,2.55,10,1998,F,Orange,0
Michael Wells,100538,3.88,10,1997,F,Orange,10
Scott Stevenson,100539,3.91,10,1997,F,Red,7
Lee Lewis,100540,3.75,10,1998,M,Purple,2
Gary Gibson,100541,2.76,10,1997,F,Green,3
Michelle Foster,100542,2.05,10,1997,M,Red,0
Adrienne Thomas,100543,2.14,10,1998,M,Green,7
Billy Sexton,100544,3.05,10,1997,M,Green,4
Kelly Lee,100545,2.28,10,1997,F,Blue,9
Margaret Hudson,100546,1.04,10,1998,M,Red,1
Todd Reese,100547,3.55,10,1998,F,Yellow,10
Lori Costa,100548,1.43,10,1997,M,Orange,9
Dawn Mendez,100549,3.1,10,1998,M,Blue,2
Jose Adkins,100550,2.24,10,1997,M,Blue,8
Gary Sanchez,100551,3.35,10,1998,M,Orange,2
Kelly Serrano,100552,3.74,10,1997,F,Blue,5
Christopher Wood,100553,2.89,10,1997,F,Orange,5
Jason Moore,100554,0.06,10,1998,M,Orange,9
Robert Long,100555,3.68,10,1998,M,Blue,2
Kayla Whitney,100556,0.89,10,1998,F,Green,1
Jessica Weber,100557,3.88,10,1997,F,Blue,7
Jimmy Scott,100558,1.7,10,1997,M,Purple,9
Angela Mcmahon,100559,1.63,10,1997,M,Blue,9
Anna Jensen,100560,1.67,10,1997,M,Blue,8
Adam Long,100561,3.01,10,1998,M,Yellow,7
Justin Mullen,100562,1.47,10,1998,F,Pink,0
David Nichols,100563,2.06,10,1997,M,Orange,9
David Burns MD,100564,0.32,10,1997,F,Green,3
Jennifer Bennett,100565,3.22,10,1998,F,Orange,10
Julie Wu,100566,3.29,10,1998,M,Orange,4
Cheryl Powell,100567,1.79,10,1998,M,Orange,3
Brenda Nichols,100568,0.27,10,1997,M,Orange,4
Paul Buchanan,100569,0.22,10,1998,M,Purple,9
Amanda Davis,100570,2.43,10,1997,M,Yellow,10
Diana Smith,100571,2.72,10,1998,F,Red,3
Alyssa Monroe PhD,100572,1.39,10,1998,M,Yellow,4
Lance Wright,100573,1.27,10,1998,M,Blue,10
Raven Reynolds,100574,3.17,10,1997,M,Green,3
Gina Delacruz,100575,1.59,10,1997,M,Purple,4
Rachel Williams,100576,1.54,10,1998,F,Green,6
Deanna Burton,100577,3.73,10,1998,F,Purple,2
Juan Morales,100578,3.81,10,1998,F,Purple,1
Todd Lawrence MD,100579,0.69,10,1998,F,Blue,9
Karen Lynn,100580,3.19,10,1998,M,Blue,1
Nathaniel Myers,100581,2.31,10,1997,M,Yellow,9
Jessica Marshall,100582,2.49,10,1997,F,Red,7
Cameron Ritter,100583,2.53,10,1997,F,Orange,1
Caroline Mooney,100584,3.48,10,1997,M,Green,1
Carmen Meyer,100585,3.45,10,1997,F,Purple,0
Nicholas Navarro,100586,2.99,10,1998,M,Orange,2
Brittany Gutierrez,100587,0.41,10,1997,F,Orange,2
Steven Mills,100588,2.22,10,1998,M,Pink,3
Tammy Kim,100589,1.25,10,1997,M,Purple,9
Erin Andrews,100590,2.22,10,1997,F,Orange,1
Jose Garcia,100591,2.81,10,1998,M,Orange,2
Cindy Matthews,100592,0.98,10,1997,M,Green,5
Andrew Thompson,100593,0.87,10,1998,M,Yellow,6
Chad Reyes,100594,2.39,10,1998,M,Purple,6
Mark Foster,100595,2.67,10,1998,F,Purple,8
Barbara Bell,100596,0.05,10,1998,M,Pink,9
Teresa Patton,100597,2.9,10,1998,M,Orange,3
Joseph Caldwell,100598,3.28,10,1998,F,Pink,6
Alexa Flynn,100599,1.06,10,1998,F,Orange,0
Joseph Barton,100600,1.89,10,1997,F,Orange,9
Mrs. Christine Murphy,100601,0.1,10,1997,M,Orange,5
Amber Gordon,100602,3.64,10,1997,F,Purple,9
Harry Briggs,100603,2.27,10,1998,F,Green,7
Jose Perez,100604,3.98,10,1998,M,Pink,1
Robert Stokes,100605,1.96,10,1998,M,Yellow,10
Lisa Arnold,100606,1.86,10,1998,F,Orange,6
Timothy Smith,100607,1.17,10,1998,F,Purple,10
James Mitchell,100608,0.12,10,1998,M,Orange,5
Madeline Evans,100609,1.03,10,1997,M,Purple,8
Kathryn Schultz,100610,1.37,10,1997,M,Blue,10
Jeffrey Cruz,100611,0.21,10,1997,F,Blue,4
Erica Meyer,100612,0.81,10,1998,F,Blue,0
Helen Richardson,100613,2.36,10,1998,M,Green,5
Anne Small,100614,2.01,10,1998,M,Yellow,6
Jacob Obrien,100615,0.69,10,1997,M,Blue,4
Patricia Greer,100616,1.15,10,1998,M,Green,10
Ashley Walker,100617,1.29,10,1997,F,Orange,0
Karen Ferguson,100618,3.0,10,1997,M,Pink,4
Peter Gardner,100619,0.22,10,1997,M,Purple,6
Timothy Bailey,100620,2.0,10,1998,F,Green,9
Tracy Parks,100621,0.72,10,1998,F,Blue,6
Heather Woodard,100622,3.86,10,1997,M,Blue,1
Melissa Villa,100623,0.52,10,1997,M,Red,4
Shane Gonzalez,100624,0.92,10,1997,M,Green,3
John Wilcox,100625,1.39,10,1998,F,Purple,5
Wendy Jones,100626,1.0,10,1997,M,Pink,0
Tiffany Logan,100627,2.79,10,1997,F,Purple,0
Francis Velazquez,100628,0.69,10,1998,F,Blue,4
Frank Brown,100629,3.54,10,1998,M,Blue,3
Patricia Smith,100630,0.78,10,1997,F,Pink,2
Scott Hogan,100631,3.93,10,1997,F,Orange,7
Aaron Mitchell,100632,3.42,10,1998,M,Purple,5
Jordan Rosales,100633,2.87,10,1997,F,Green,0
Christopher Murphy,100634,3.11,10,1998,M,Purple,8
Barbara Oliver,100635,3.94,10,1997,M,Yellow,9
Patrick Friedman Jr.,100636,0.71,10,1998,M,Pink,10
Gabriel Stevens,100637,3.67,10,1997,M,Pink,3
Matthew Rivers,100638,3.97,10,1998,M,Green,10
Deborah Glenn,100639,1.59,10,1997,M,Purple,10
Kayla Santana,100640,2.31,10,1997,F,Pink,4
Linda Johnson,100641,1.72,10,1997,F,Blue,0
John Cervantes,100642,2.98,10,1997,F,Green,6
John Wolfe,100643,3.18,10,1998,M,Orange,6
Veronica White,100644,1.27,10,1997,F,Blue,2
Laura Holt,100645,2.04,10,1997,M,Yellow,6
Mark Collins,100646,2.22,10,1997,M,Red,1
Scott Pugh,100647,2.47,10,1998,F,Orange,10
Dr. William Mcdowell,100648,2.79,10,1998,M,Red,8
Rhonda Stewart,100649,2.17,10,1997,F,Pink,1
Deborah Frost,100650,3.31,10,1997,F,Orange,6
Elizabeth Kim,100651,2.49,10,1998,F,Orange,1
Larry Hernandez,100652,2.31,10,1997,F,Pink,6
Rachel Stewart,100653,2.98,10,1998,M,Red,7
Joshua Martin,100654,2.01,10,1997,F,Orange,3
Matthew Mendoza,100655,3.5,10,1998,M,Red,3
Crystal Leonard,100656,0.05,10,1997,F,Orange,2
Jamie Huang,100657,3.39,10,1997,M,Purple,5
Ruben Flores,100658,0.43,10,1997,F,Orange,6
Vanessa Reynolds,100659,3.63,10,1997,F,Green,5
Wayne Martin,100660,0.55,10,1997,M,Orange,2
Joshua Alvarez,100661,3.69,10,1997,F,Blue,8
Jessica Gallegos,100662,0.76,10,1998,F,Green,7
Rebecca Moore,100663,2.22,10,1998,M,Blue,2
Joshua Peterson,100664,2.15,10,1998,M,Green,8
Alexandra Fry,100665,2.08,10,1997,F,Pink,10
Amanda Russell,100666,0.94,10,1997,F,Blue,3
Jessica Johnston,100667,1.43,10,1998,M,Green,3
Samantha Hall,100668,1.68,10,1997,F,Purple,6
Lance Ballard,100669,0.66,10,1997,M,Pink,2
Donna Scott,100670,0.65,10,1998,F,Orange,10
Taylor Clark,100671,0.01,10,1997,F,Red,6
Christina Gordon,100672,2.63,10,1998,M,Purple,0
Dean Schmidt,100673,1.36,10,1997,M,Blue,5
Scott Valencia,100674,2.48,10,1998,F,Blue,5
Abigail Vaughn,100675,1.07,10,1998,M,Yellow,0
Jacob Hamilton,100676,2.55,10,1997,F,Pink,5
Heather Shelton,100677,3.72,10,1997,F,Yellow,8
Jordan Thornton,100678,2.81,10,1997,F,Blue,10
Joseph Douglas,100679,2.72,10,1997,F,Blue,6
Alex Rose,100680,2.65,10,1997,F,Green,10
Heather Sandoval,100681,1.85,10,1998,F,Red,3
Priscilla Mcintyre,100682,0.29,10,1998,F,Green,9
Dylan Ward,100683,0.42,10,1997,M,Blue,2
Haley Cooper,100684,3.89,10,1998,F,Orange,5
Taylor Rojas,100685,0.98,10,1997,M,Blue,2
Edwin Golden,100686,3.26,10,1997,M,Pink,5
Emma Smith,100687,0.06,10,1998,F,Green,2
Melissa Olsen,100688,0.91,10,1998,M,Purple,2
Steven Jones,100689,0.24,10,1998,M,Blue,3
Jamie Wyatt,100690,0.22,10,1998,M,Blue,8
Hunter Smith,100691,3.25,10,1998,M,Pink,7
Tara May,100692,2.79,10,1997,F,Purple,8
Andrew Williams,100693,2.3,10,1997,M,Orange,3
Candace Barrett,100694,1.82,10,1998,F,Red,3
Michael Brooks,100695,3.63,10,1997,F,Red,6
Jessica Mckee,100696,0.32,10,1997,F,Purple,3
Seth Morrison,100697,2.38,10,1998,M,Purple,8
Jason Chavez,100698,0.96,10,1997,F,Yellow,9
Crystal Marshall,100699,1.01,10,1998,F,Pink,10
Mercedes Vargas,100700,3.21,10,1998,M,Red,9
Anna Lester,100701,3.54,10,1997,F,Red,10
David Ballard,100702,1.76,10,1998,F,Pink,9
Lindsay Everett,100703,0.69,10,1998,M,Purple,0
Alexandra Gibbs,100704,3.82,10,1998,M,Green,9
Benjamin Trevino,100705,1.82,10,1997,M,Pink,1
Andrea Wallace,100706,0.82,10,1997,F,Yellow,1
Cheyenne Moses,100707,0.18,10,1998,F,Red,6
Timothy Frye,100708,0.64,10,1997,M,Blue,1
Emily Wall,100709,1.51,10,1998,F,Yellow,9
Patricia Henderson,100710,3.92,10,1998,F,Blue,10
Mrs. Sara Walker MD,100711,2.12,10,1997,F,Blue,9
Joel Williams,100712,0.24,10,1997,F,Orange,4
Curtis Hawkins,100713,1.03,10,1998,F,Blue,10
Wendy Cook,100714,2.03,10,1998,F,Orange,5
Keith Jones,100715,2.16,10,1997,M,Orange,9
Brenda Russell,100716,2.53,10,1997,M,Purple,0
Sonya Smith,100717,3.19,10,1997,M,Orange,1
Jennifer Nguyen,100718,3.31,10,1997,F,Purple,9
Aaron Simmons,100719,1.81,10,1998,F,Pink,5
William Anderson,100720,0.0,10,1997,M,Red,4
Roberta Miller,100721,2.65,10,1998,F,Red,4
Renee Martin,100722,3.81,10,1997,M,Green,9
Rodney Hudson,100723,0.37,10,1998,F,Yellow,9
Cassandra Gordon,100724,1.45,10,1998,F,Blue,10
Samantha Smith,100725,1.71,10,1998,F,Purple,10
Pamela Phelps,100726,2.61,10,1998,M,Pink,9
Sarah Barber MD,100727,2.23,10,1997,F,Purple,0
Vincent Rodriguez,100728,2.27,10,1998,F,Yellow,4
Christopher Williamson,100729,3.57,10,1997,F,Purple,10
Courtney Pearson,100730,2.59,10,1997,M,Pink,3
Robert Mccoy,100731,2.91,10,1998,M,Green,5
Mary Wilson,100732,3.67,10,1997,M,Green,8
Melissa Chandler,100733,2.46,10,1998,M,Orange,3
Shannon Welch,100734,2.72,10,1998,M,Yellow,6
Andrew Davis,100735,3.83,10,1998,F,Pink,2
Mary Gould,100736,0.84,10,1997,M,Blue,8
Kevin Maynard,100737,0.62,10,1998,M,Yellow,5
Kelsey Cunningham,100738,3.75,10,1997,F,Red,10
Tammy Farmer,100739,3.78,10,1998,M,Purple,1
Shari Humphrey,100740,1.57,10,1997,M,Orange,6
Cody Jones,100741,2.03,10,1997,M,Pink,2
Lauren Jones,100742,2.9,10,1998,M,Purple,2
Paige Williams,100743,2.65,10,1998,M,Blue,0
Donna Jenkins,100744,3.23,10,1998,M,Blue,9
Joshua Walker,100745,0.51,10,1997,M,Red,0
Alexa Barrera,100746,3.7,10,1997,M,Orange,0
Jacob Greer,100747,2.36,10,1997,F,Purple,2
Jeremy Taylor,100748,0.74,10,1997,M,Orange,6
Scott Bradshaw,100749,1.26,10,1998,F,Purple,0
Jackson Nguyen,100750,3.42,10,1998,F,Orange,1
Anita Wood,100751,0.43,10,1997,M,Red,4
Michael Brown,100752,3.35,10,1998,M,Red,1
James Burke,100753,3.88,10,1997,M,Green,2
Jacob Ross,100754,1.35,10,1998,M,Red,3
Kimberly Spears MD,100755,1.63,10,1997,M,Pink,0
Harold Moore,100756,0.64,10,1997,M,Blue,4
George Johnson,100757,0.59,10,1998,M,Pink,9
Victoria Nielsen,100758,1.68,10,1998,M,Pink,7
Jonathan Lowery,100759,2.04,10,1998,M,Pink,2
Rickey Boyd,100760,3.23,10,1998,F,Pink,5
Megan Mueller,100761,3.97,10,1997,M,Red,3
Pamela Baldwin,100762,3.7,10,1997,F,Yellow,2
Nancy Miller,100763,3.98,10,1997,M,Blue,9
Jason Smith,100764,0.7,10,1997,F,Yellow,9
Darrell Guerra,100765,2.05,10,1998,F,Blue,8
James Foster,100766,1.07,10,1997,F,Purple,2
Alejandro Powell,100767,0.5,10,1998,F,Purple,9
Allison Brown,100768,3.81,10,1998,F,Yellow,10
James Turner,100769,2.86,10,1997,F,Green,8
Patricia Baker MD,100770,1.12,10,1997,F,Blue,2
Kristine Robinson,100771,2.6,10,1997,F,Orange,0
Christine Lawrence,100772,3.09,10,1998,F,Red,7
Amber Wagner,100773,2.5,10,1997,F,Blue,5
Justin Smith,100774,2.22,10,1998,M,Red,6
Scott Smith,100775,3.01,10,1997,M,Yellow,10
Anthony Valdez,100776,0.93,10,1997,F,Purple,2
Alyssa Cameron,100777,1.19,10,1997,F,Red,2
Todd Harris,100778,2.6,10,1998,F,Yellow,9
Jose Calhoun,100779,1.62,10,1998,M,Pink,1
David Medina,100780,3.23,10,1997,F,Green,7
Katie Perez,100781,3.66,10,1998,F,Yellow,3
Dr. Julia Blair,100782,1.77,10,1997,M,Blue,5
Olivia Dawson,100783,3.45,10,1998,M,Pink,10
Austin Griffin,100784,1.08,10,1998,F,Green,2
Kristina Peterson,100785,3.12,10,1998,M,Orange,9
Cynthia King,100786,0.93,10,1998,F,Blue,9
Steven Patel,100787,1.93,10,1998,F,Red,1
Valerie Patel,100788,0.26,10,1998,M,Green,5
Jacqueline Scott,100789,2.56,10,1998,F,Blue,0
Melissa Vazquez,100790,2.67,10,1997,F,Yellow,10
Gregory Cox,100791,0.27,10,1997,M,Green,6
Sonya Mcintyre,100792,3.07,10,1998,M,Red,1
Bridget Johnson,100793,3.32,10,1997,F,Yellow,0
Mr. Jacob Harris,100794,3.99,10,1997,F,Orange,3
Morgan Hodges,100795,1.91,10,1998,M,Purple,5
Kevin Mathis,100796,1.55,10,1998,F,Green,2
Steven Gilmore,100797,2.59,10,1998,F,Purple,10
Sandra Dunlap,100798,0.61,10,1997,M,Green,7
Madison Salinas,100799,2.79,10,1997,F,Orange,3
Erik Benjamin,100800,2.09,10,1998,F,Purple,6
Edward Williams,100801,1.68,10,1997,F,Green,9
Cathy Anderson,100802,0.6,10,1997,F,Purple,2
David Olson,100803,3.32,10,1998,F,Purple,1
Joseph Kirk,100804,3.41,10,1998,F,Purple,8
Shannon Anderson,100805,1.55,10,1997,M,Blue,2
Adam Skinner Jr.,100806,2.86,10,1998,F,Yellow,8
Jamie Mckinney,100807,3.79,10,1998,M,Blue,8
Allison Wood,100808,3.85,10,1997,F,Pink,3
Joshua Blanchard,100809,3.65,10,1997,F,Yellow,8
Valerie Lozano,100810,1.69,10,1998,M,Purple,8
Brandon Nelson,100811,1.91,10,1998,M,Green,0
Brittany Mcknight,100812,2.26,10,1998,F,Blue,7
Brittany Frederick,100813,3.06,10,1997,M,Green,4
Cynthia Lawson,100814,0.18,10,1997,F,Yellow,9
Paul Banks,100815,2.06,10,1997,M,Yellow,9
Carol Anderson,100816,2.38,10,1998,M,Pink,7
Dale Schwartz,100817,2.59,10,1998,F,Pink,1
Steven Gross,100818,0.8,10,1998,M,Red,2
Monica Wade,100819,2.66,10,1998,M,Orange,9
Patricia Barton,100820,3.37,10,1997,M,Yellow,2
Robin Alexander,100821,3.87,10,1997,F,Green,5
Dr. Theresa Turner,100822,2.82,10,1998,M,Pink,5
Janice Garcia,100823,1.45,10,1998,F,Yellow,4
Cindy Gonzalez,100824,3.36,10,1997,F,Red,10
John White,100825,0.61,10,1998,F,Blue,8
Rebecca Hoffman,100826,1.71,10,1997,M,Orange,3
Steven Smith,100827,2.22,10,1998,M,Red,0
Ruth Clark,100828,3.85,10,1997,F,Purple,0
Roger Santiago,100829,2.76,10,1998,M,Pink,9
Catherine Gonzalez,100830,2.73,10,1998,F,Yellow,0
Tracy Compton,100831,1.31,10,1997,M,Yellow,4
Matthew Baker,100832,1.49,10,1998,M,Green,10
Mr. Paul Hernandez DDS,100833,0.39,10,1998,M,Orange,10
Teresa Harrison,100834,3.9,10,1997,M,Yellow,8
Melanie Burgess,100835,2.43,10,1998,F,Yellow,9
Ashley Elliott,100836,1.96,10,1998,F,Orange,2
Daniel Riley,100837,2.11,10,1997,F,Yellow,3
Bruce Moreno,100838,2.89,10,1998,M,Red,10
Jenna Munoz,100839,0.51,10,1998,F,Purple,10
Pamela Spencer,100840,2.71,10,1997,M,Blue,2
Mercedes Love,100841,0.44,10,1997,F,Pink,10
Evan King,100842,0.2,10,1998,M,Pink,6
Anna Fields,100843,2.37,10,1997,M,Pink,5
Sheri Obrien,100844,0.77,10,1998,F,Blue,3
Michael Rivera,100845,2.57,10,1998,F,Blue,6
Colleen Merritt,100846,0.13,10,1998,M,Red,4
Vanessa Jones,100847,3.01,10,1997,M,Green,3
Angelica Young,100848,1.55,10,1997,M,Red,10
Stephen Sandoval,100849,0.35,10,1998,M,Green,5
Aaron Kennedy,100850,3.15,10,1998,M,Blue,10
Kenneth Foley,100851,1.64,10,1997,M,Purple,8
Kerry Moore,100852,0.48,10,1998,M,Yellow,8
Valerie Barry,100853,1.57,10,1998,M,Orange,2
Joseph Griffin,100854,3.54,10,1998,F,Purple,7
Patrick Williams,100855,1.44,10,1997,F,Blue,10
Tristan Ruiz,100856,3.39,10,1998,F,Blue,3
John Powell,100857,3.05,10,1998,M,Blue,0
Beth Gillespie,100858,1.85,10,1998,M,Blue,2
James Allen,100859,2.05,10,1998,M,Orange,6
Rose Graves,100860,1.52,10,1997,M,Yellow,6
Rebecca Harmon DDS,100861,2.24,10,1997,M,Blue,6
Theresa Lopez,100862,1.82,10,1997,M,Yellow,10
Mitchell Vasquez,100863,1.87,10,1998,M,Red,1
Tina Scott,100864,3.98,10,1997,F,Pink,1
Tonya Vincent,100865,3.81,10,1998,M,Green,6
Veronica Campbell,100866,1.17,10,1997,M,Orange,7
Justin Hale,100867,1.73,10,1997,M,Purple,9
Eugene Jordan,100868,2.97,10,1998,F,Green,0
Judy Little,100869,3.49,10,1997,M,Blue,4
Todd Barnes,100870,1.16,10,1998,F,Yellow,5
Christine Crawford,100871,1.23,10,1998,F,Red,5
Betty Clark,100872,3.57,10,1997,M,Orange,9
Thomas Wells,100873,0.2,10,1998,F,Pink,0
Samantha Vasquez,100874,3.11,10,1998,M,Orange,3
Shannon Nelson,100875,2.89,10,1997,M,Red,1
Lisa Burns,100876,2.97,10,1998,F,Purple,2
Walter Galvan,100877,2.04,10,1997,M,Pink,6
Jessica Parks,100878,2.88,10,1998,F,Yellow,2
Andrew Allen,100879,0.67,10,1998,M,Yellow,5
Jasmine Henry,100880,0.24,10,1998,F,Yellow,4
Jeffrey May,100881,0.1,10,1998,F,Blue,2
Carla Villegas,100882,0.64,10,1997,F,Green,0
Marco Mercado,100883,0.0,10,1997,M,Purple,8
Craig Smith,100884,2.81,10,1998,F,Green,8
Jennifer Davis,100885,0.18,10,1997,F,Blue,0
Savannah Hernandez,100886,1.57,10,1997,F,Red,0
Connor Reed,100887,0.12,10,1997,M,Yellow,8
Dylan Short,100888,2.11,10,1998,F,Red,5
Stephanie Scott,100889,3.52,10,1997,M,Orange,1
Stephanie Beard,100890,3.42,10,1998,F,Purple,4
Tony Bryant,100891,0.84,10,1998,M,Blue,6
Shane Garcia,100892,2.18,10,1997,M,Red,3
Jose Dixon,100893,1.58,10,1997,F,Red,8
Julie Powell,100894,3.56,10,1998,M,Red,5
Kenneth Callahan,100895,3.28,10,1998,F,Purple,3
Linda Valentine,100896,1.75,10,1998,M,Pink,0
Matthew Murphy,100897,2.86,10,1997,M,Blue,7
Sherri Anderson,100898,1.38,10,1998,M,Green,9
Jennifer Pace,100899,1.92,10,1998,M,Green,7
Karen Hernandez,100900,1.07,10,1997,M,Yellow,3
Cody Murphy,100901,0.99,10,1997,M,Pink,4
Nicole Maldonado,100902,1.23,10,1997,F,Pink,0
Michael Rodriguez,100903,3.58,10,1997,F,Red,3
James Gallagher,100904,1.19,10,1997,M,Red,3
Rachel Adams,100905,0.35,10,1997,F,Green,9
Bradley Booth,100906,0.64,10,1998,M,Green,7
Joseph Carter,100907,0.72,10,1997,F,Red,9
Matthew Burns,100908,1.24,10,1997,F,Orange,1
Jennifer Clark,100909,2.51,10,1998,F,Yellow,2
Victoria Reid,100910,1.39,10,1997,F,Orange,10
Sandra Brown,100911,3.08,10,1998,F,Yellow,5
Kelly Hammond,100912,3.81,10,1998,F,Pink,3
April Hernandez,100913,3.79,10,1997,M,Orange,7
Melissa Cuevas,100914,1.03,10,1997,F,Green,5
Johnny Bennett,100915,3.81,10,1998,M,Purple,2
Alicia Navarro,100916,3.04,10,1998,M,Purple,9
Brandon Ramos,100917,0.59,10,1997,M,Orange,9
Joshua Guzman,100918,1.18,10,1998,M,Purple,9
Kimberly Alexander,100919,1.91,10,1997,F,Yellow,10
Tracy Eaton,100920,1.43,10,1998,F,Blue,10
Michael King,100921,3.62,10,1998,F,Blue,0
Hunter Martin,100922,1.77,10,1997,F,Pink,7
Patrick Herman,100923,0.01,10,1998,M,Blue,8
Kathleen Burgess,100924,1.82,10,1997,M,Green,0
Jacqueline Johnson,100925,1.23,10,1997,M,Pink,2
Sarah Clark,100926,3.83,10,1998,F,Green,1
Melissa Ayers,100927,1.02,10,1997,M,Green,0
Logan Faulkner,100928,2.02,10,1998,F,Orange,0
Melissa Mullins,100929,3.23,10,1997,F,Pink,7
Timothy Reeves,100930,3.98,10,1998,M,Red,5
Courtney Atkinson,100931,1.54,10,1997,M,Green,5
Tamara Brown,100932,1.67,10,1997,M,Green,3
Justin Williams,100933,2.87,10,1997,M,Orange,0
Dan Perez,100934,2.72,10,1997,F,Red,3
Felicia Powell,100935,1.67,10,1997,F,Red,3
Christopher Ayala,100936,0.59,10,1997,M,Purple,0
Ronald Juarez,100937,2.08,10,1997,M,Green,8
Eugene Reynolds,100938,0.14,10,1998,M,Orange,4
Sarah Burns,100939,2.32,10,1998,M,Red,8
Sherri Allen,100940,1.92,10,1997,M,Blue,3
Nicole Skinner,100941,2.14,10,1997,M,Yellow,10
John Wilkerson,100942,1.07,10,1997,M,Purple,9
Anthony Mckee,100943,1.95,10,1997,F,Red,8
Christopher Hunt,100944,3.0,10,1997,M,Pink,1
Teresa Butler,100945,2.34,10,1998,F,Purple,2
Lauren Sullivan,100946,3.0,10,1997,M,Purple,3
Gregory Jones,100947,1.98,10,1997,M,Pink,5
Craig Smith,100948,0.76,10,1998,F,Yellow,5
Mark Davies,100949,1.17,10,1998,M,Purple,2
Christopher Gonzalez,100950,1.63,10,1997,M,Pink,8
Heidi Ware,100951,0.03,10,1998,M,Red,2
Jimmy Mckinney,100952,0.21,10,1997,F,Yellow,3
Sarah Jordan,100953,2.58,10,1997,F,Blue,3
Erin Davis,100954,2.11,10,1997,F,Yellow,1
Michael Mitchell,100955,1.23,10,1998,M,Yellow,7
Theresa Hernandez,100956,1.4,10,1998,M,Yellow,8
Jennifer Crawford,100957,0.21,10,1998,M,Green,10
Becky Brown,100958,3.43,10,1998,M,Pink,6
Cameron Mata,100959,1.78,10,1998,M,Blue,10
Elizabeth Schmidt,100960,3.68,10,1998,F,Blue,8
Justin Johnson,100961,1.52,10,1997,F,Pink,7
William Li,100962,1.92,10,1997,F,Pink,6
James Hodges,100963,3.44,10,1997,F,Red,6
Ashley Nguyen,100964,1.01,10,1997,M,Purple,5
Rachel Curtis,100965,2.06,10,1998,M,Orange,0
Dr. Craig Moran PhD,100966,1.95,10,1998,M,Pink,8
Heather Patton,100967,3.06,10,1998,F,Purple,7
David Marquez,100968,1.33,10,1998,F,Orange,3
Bradley Hopkins,100969,0.5,10,1998,M,Pink,10
Sheila Phillips,100970,2.87,10,1998,M,Pink,1
Amanda Smith,100971,1.06,10,1997,M,Green,2
Karen Chase,100972,3.33,10,1997,F,Pink,1
Joseph Stanley,100973,0.32,10,1997,M,Pink,3
Laura Edwards,100974,0.02,10,1998,M,Orange,5
John Wallace,100975,1.55,10,1997,M,Blue,6
Karen Boyer,100976,0.69,10,1998,M,Purple,5
Melissa Clark,100977,3.16,10,1998,M,Blue,3
Mark Holmes,100978,2.42,10,1998,M,Blue,10
Alfred Walters,100979,0.41,10,1998,F,Blue,8
Phillip Butler,100980,2.56,10,1997,F,Yellow,0
Jacob Riggs,100981,1.36,11,1997,F,Purple,0
Stephen Murray,100982,0.77,11,1996,F,Green,5
Mr. Michael Ewing,100983,0.34,11,1997,F,Yellow,8
Jacob Dixon,100984,1.68,11,1997,M,Purple,2
Martha Choi,100985,1.27,11,1997,M,Blue,6
Sara Navarro,100986,3.47,11,1997,F,Pink,4
Allen Barnes,100987,2.37,11,1997,M,Green,1
Joseph Lam,100988,2.5,11,1997,M,Green,2
Karen Knight,100989,1.45,11,1997,F,Yellow,3
Thomas Hart,100990,2.9,11,1997,M,Yellow,9
Ronnie Fowler,100991,1.36,11,1996,F,Blue,9
Kaitlin Baker,100992,2.4,11,1996,F,Orange,1
Dawn Lee,100993,2.85,11,1996,F,Red,5
Christopher Deleon,100994,1.73,11,1996,F,Orange,8
Bethany Taylor,100995,1.87,11,1996,F,Red,1
Andrew Anderson,100996,3.36,11,1996,F,Red,4
Miguel Farmer,100997,0.51,11,1996,F,Yellow,7
Samantha Hernandez,100998,1.63,11,1996,M,Green,5
Robert Powers,100999,3.49,11,1996,M,Purple,5
Andrew Green,101000,0.35,11,1996,M,Pink,5
Edward Arias PhD,101001,3.82,11,1997,F,Purple,2
Leslie Smith,101002,1.18,11,1997,M,Pink,9
Thomas Graves,101003,0.06,11,1996,F,Red,0
Robert Miller,101004,2.83,11,1997,M,Yellow,10
Mary Gilmore,101005,3.92,11,1996,F,Purple,2
Henry Lee,101006,3.39,11,1996,F,Purple,2
Carlos Shelton,101007,2.27,11,1997,F,Purple,9
Steven Brown,101008,3.91,11,1997,F,Green,1
William Reid,101009,2.65,11,1997,M,Purple,9
Katie Simpson,101010,3.78,11,1996,F,Yellow,4
Melissa Nguyen DDS,101011,1.73,11,1996,M,Orange,3
Katherine Summers,101012,3.18,11,1997,M,Orange,4
Stephen Juarez,101013,2.35,11,1997,M,Blue,2
Kimberly Williams,101014,3.0,11,1996,M,Green,4
Kristine Tucker,101015,2.71,11,1996,M,Yellow,4
Alexa Dalton,101016,3.59,11,1997,M,Yellow,2
Brandon Chambers,101017,0.28,11,1997,M,Purple,1
Sarah Riley,101018,3.72,11,1997,F,Purple,5
Edgar Johnson PhD,101019,0.01,11,1996,F,Blue,1
Miranda Stewart,101020,0.83,11,1996,F,Green,10
Timothy King,101021,2.35,11,1997,M,Purple,3
Carly Stephens,101022,2.7,11,1997,F,Green,6
Holly Manning,101023,1.31,11,1996,M,Orange,2
Randall Miller,101024,2.62,11,1996,F,Pink,1
Jeanne Foster,101025,2.47,11,1996,M,Orange,0
Rachel Warren,101026,3.84,11,1996,M,Red,0
Raven Mclaughlin,101027,3.17,11,1996,M,Pink,10
John Rodriguez,101028,3.41,11,1997,M,Red,3
Cody Torres,101029,0.86,11,1996,F,Red,4
Lisa Brady,101030,1.22,11,1997,F,Yellow,7
Kristen Peters,101031,3.46,11,1997,F,Green,7
Rebecca Martin,101032,1.72,11,1997,M,Purple,6
Ricardo Elliott,101033,3.0,11,1997,M,Pink,4
Patrick Rogers,101034,0.94,11,1997,F,Purple,6
Colleen Harper,101035,0.46,11,1996,M,Purple,8
Kayla Long,101036,2.79,11,1996,M,Green,8
Amanda Hubbard,101037,2.1,11,1996,M,Yellow,7
Michael Lewis,101038,3.81,11,1996,M,Green,7
Chad Lane,101039,0.62,11,1997,F,Yellow,8
Melissa Allen,101040,0.72,11,1997,M,Green,7
Barbara Winters,101041,3.56,11,1997,M,Green,6
Jennifer Miller,101042,2.59,11,1997,M,Pink,3
Allison Cruz,101043,2.81,11,1997,M,Yellow,9
Jacob Brown,101044,0.25,11,1997,F,Red,4
Kathryn Cooper,101045,1.54,11,1997,F,Green,6
Keith Jenkins,101046,0.24,11,1996,F,Pink,8
Isaac Armstrong,101047,0.63,11,1996,F,Purple,4
Brandy Hill,101048,0.39,11,1997,M,Blue,5
Michael Hansen,101049,1.57,11,1997,M,Red,7
Joshua Chavez,101050,1.93,11,1996,F,Red,9
Michael Williams,101051,1.73,11,1997,F,Orange,2
Jeanette Lewis,101052,0.24,11,1996,M,Yellow,8
Jorge Dennis,101053,3.49,11,1997,F,Orange,9
Brittany Alexander,101054,2.19,11,1996,M,Yellow,4
John Gonzalez,101055,1.57,11,1997,F,Green,3
Daniel Russell,101056,2.02,11,1997,F,Yellow,8
Rodney Spence,101057,2.37,11,1996,M,Purple,7
Regina Livingston,101058,1.55,11,1996,M,Blue,3
Cindy Bernard,101059,2.07,11,1996,F,Green,9
Melissa Curtis,101060,0.79,11,1997,F,Orange,8
Dorothy Beard,101061,2.01,11,1996,M,Red,2
David Moore,101062,2.64,11,1996,F,Green,2
Christopher Montoya,101063,0.2,11,1997,M,Purple,2
Nathaniel Kemp,101064,0.29,11,1996,M,Purple,5
Katherine Thompson,101065,0.84,11,1997,F,Purple,5
Kendra Mcdonald,101066,2.24,11,1996,F,Green,6
Mrs. Ebony Medina DDS,101067,3.27,11,1997,F,Orange,4
Kristy Pope,101068,3.15,11,1997,F,Blue,6
Scott Watson,101069,0.92,11,1996,F,Red,1
Jason Crane,101070,0.1,11,1996,F,Purple,8
Mary Carson MD,101071,0.06,11,1997,M,Green,7
Robin Davis,101072,2.26,11,1996,M,Blue,3
Karen Johnson,101073,1.72,11,1997,F,Blue,5
Mr. Fernando Mathis,101074,0.34,11,1996,M,Red,4
Michelle Hayden,101075,3.87,11,1996,M,Pink,6
Kathy Green,101076,0.59,11,1996,M,Green,0
Gina Crawford,101077,3.9,11,1996,F,Orange,2
Teresa Walker,101078,3.51,11,1996,M,Red,8
Kayla Ramsey,101079,0.52,11,1996,F,Orange,5
Alexis Bentley,101080,3.76,11,1996,M,Yellow,9
Sean Carter,101081,2.42,11,1997,F,Green,6
Dale Munoz,101082,1.1,11,1996,F,Purple,0
Jeffrey Fox,101083,0.07,11,1997,F,Blue,6
Jacob Smith,101084,3.64,11,1997,M,Green,3
Todd Hendrix,101085,2.46,11,1996,M,Purple,2
Aaron Roberson,101086,0.22,11,1996,M,Green,4
Samantha Bowman,101087,1.07,11,1996,M,Green,9
Jane Ray,101088,1.17,11,1997,M,Orange,1
Brittney Hill,101089,3.14,11,1996,M,Red,3
Alan Crawford,101090,0.91,11,1997,F,Red,5
Rebecca Collins,101091,2.32,11,1997,M,Pink,4
David Bennett,101092,2.67,11,1996,M,Blue,0
Troy Williams,101093,1.75,11,1997,F,Purple,1
Kimberly Nelson,101094,3.53,11,1997,F,Blue,2
Terri Phillips,101095,1.75,11,1996,F,Pink,0
Neil Sosa,101096,3.1,11,1996,M,Red,6
Shelly Chapman,101097,1.61,11,1997,M,Green,0
Leah Turner,101098,3.69,11,1997,F,Purple,4
Mr. Aaron Coleman,101099,2.73,11,1997,F,Green,1
Erik Beard,101100,3.21,11,1997,F,Blue,1
Melanie Johns,101101,0.76,11,1996,F,Green,4
Jennifer Hoover,101102,3.51,11,1996,M,Orange,4
Chelsea Jones,101103,1.2,11,1997,M,Yellow,7
Jessica Dennis,101104,2.54,11,1997,M,Blue,7
Patrick Ryan,101105,3.12,11,1997,M,Yellow,7
William Roth,101106,2.32,11,1996,F,Pink,5
Sharon Cohen,101107,0.57,11,1997,F,Yellow,3
Heidi Rojas,101108,1.93,11,1997,M,Purple,3
Brittany Welch,101109,0.34,11,1996,M,Green,6
Ronnie Cowan,101110,1.68,11,1997,F,Yellow,2
Claudia Brown,101111,3.5,11,1997,F,Yellow,10
Dawn Russell,101112,2.58,11,1996,M,Pink,9
Darren Collier,101113,2.34,11,1996,M,Pink,7
Allen Pitts,101114,2.95,11,1997,F,Orange,3
Wendy Mills,101115,0.26,11,1996,M,Red,7
Dennis Taylor,101116,3.26,11,1996,M,Blue,10
John Sullivan,101117,0.22,11,1997,F,Orange,4
Isabel Beck,101118,3.13,11,1997,F,Pink,5
Denise Burns,101119,1.23,11,1996,M,Yellow,8
Katie Leonard,101120,0.09,11,1997,F,Purple,6
Kevin Leonard,101121,1.79,11,1996,F,Blue,1
Richard Ramirez,101122,1.94,11,1996,F,Pink,5
Jacob Weber,101123,0.5,11,1996,M,Green,1
Patrick Graham,101124,2.03,11,1997,M,Green,0
Traci Smith,101125,0.33,11,1996,M,Pink,8
Paul Rogers,101126,1.13,11,1996,F,Purple,1
Robert Santiago,101127,3.75,11,1997,F,Orange,0
Tiffany Moore,101128,3.42,11,1996,F,Purple,9
Heather Gardner,101129,2.34,11,1997,M,Pink,2
Sherry Madden,101130,3.07,11,1997,F,Orange,7
Carl Kennedy,101131,1.43,11,1997,F,Yellow,4
Mr. Eric Lane,101132,0.01,11,1996,F,Blue,2
Keith Scott,101133,0.94,11,1996,M,Green,2
Destiny Mills,101134,0.62,11,1996,F,Green,8
Kimberly Davis,101135,0.02,11,1996,F,Blue,0
Samuel Smith,101136,1.18,11,1997,M,Purple,9
Jasmine Clay,101137,0.29,11,1996,M,Blue,1
Kristen Armstrong,101138,1.04,11,1996,M,Red,10
Mr. Richard Mills DVM,101139,3.63,11,1996,M,Yellow,6
Christine Nelson,101140,0.15,11,1997,M,Blue,10
Michelle Terry,101141,1.17,11,1996,F,Pink,3
Heather Campbell,101142,2.01,11,1996,F,Green,5
Erica Hill,101143,0.91,11,1996,F,Yellow,6
William Flowers,101144,2.33,11,1996,M,Purple,4
Riley Villegas,101145,3.59,11,1997,F,Green,1
Alan Moore,101146,1.74,11,1996,M,Purple,4
Lisa Kelly,101147,0.34,11,1997,F,Pink,8
Philip Finley,101148,0.12,11,1997,M,Red,10
Ariel Gonzales,101149,0.67,11,1997,F,Orange,10
Carlos Macias,101150,2.07,11,1997,M,Orange,9
Anita Williams,101151,0.18,11,1997,F,Purple,9
Jose Martin,101152,1.71,11,1996,F,Red,2
Philip Reynolds,101153,3.07,11,1996,M,Yellow,3
Gary Dawson,101154,0.65,11,1997,M,Yellow,1
Jacob Wu,101155,0.05,11,1997,F,Green,4
Nancy Chapman,101156,3.62,11,1997,M,Purple,2
Steven Mejia,101157,2.87,11,1996,M,Orange,4
Russell Reyes,101158,3.87,11,1996,F,Yellow,1
Wesley Mills,101159,1.31,11,1997,M,Orange,9
Andrea Nichols,101160,1.05,11,1996,F,Red,2
Michele Jensen,101161,0.69,11,1997,M,Red,5
Frank Anderson,101162,3.76,11,1997,M,Green,6
Scott Cooper,101163,2.55,11,1997,F,Red,3
Richard Meyer,101164,0.31,11,1996,F,Purple,9
Jerome Sellers,101165,0.84,11,1996,M,Orange,10
Brandon Stone,101166,0.08,11,1997,M,Purple,7
Kevin Miller,101167,1.56,11,1996,F,Purple,6
Brittney Alvarez,101168,0.89,11,1997,F,Pink,1
David Martinez,101169,2.28,11,1997,F,Pink,8
Donna Jensen,101170,2.92,11,1997,F,Pink,0
Nicholas Edwards,101171,1.46,11,1996,M,Blue,10
Edwin Phillips,101172,3.73,11,1996,M,Red,3
Andrew Hayes,101173,0.68,11,1997,M,Purple,4
Jennifer Morris,101174,0.49,11,1996,M,Orange,6
Christine Fuller,101175,3.67,11,1997,F,Purple,6
Earl Freeman,101176,0.29,11,1996,F,Yellow,9
Andrew Cunningham,101177,0.38,11,1996,M,Green,1
Melissa Serrano,101178,3.39,11,1997,M,Pink,0
Michael Perry,101179,0.4,11,1996,M,Yellow,10
Anthony Mendez,101180,3.16,11,1996,F,Green,2
Brady Villa,101181,0.46,11,1996,M,Yellow,9
Barbara Cook,101182,2.15,11,1996,F,Yellow,8
Ernest Reed,101183,0.63,11,1996,F,Yellow,6
James Obrien,101184,0.02,11,1996,F,Yellow,6
Gregory Perez,101185,3.18,11,1996,F,Yellow,9
Teresa Thompson,101186,1.31,11,1997,M,Pink,1
Debbie Ramirez,101187,3.32,11,1996,F,Orange,1
Emily Miller,101188,3.05,11,1997,M,Red,2
Richard Goodman,101189,1.2,11,1997,F,Orange,0
John Morrow,101190,0.26,11,1996,F,Blue,8
Jacob Curtis,101191,1.07,11,1997,M,Red,5
Jeremy Hale,101192,0.59,11,1996,M,Pink,3
Rebecca Reed,101193,1.86,11,1997,M,Blue,7
John Anderson,101194,0.17,11,1996,F,Purple,6
Timothy Zuniga,101195,1.77,11,1996,M,Blue,2
Michelle Foster,101196,0.01,11,1996,F,Purple,3
Martin Perez,101197,3.04,11,1997,F,Green,0
Alexis Wolfe,101198,2.39,11,1997,M,Purple,0
Emily Green,101199,1.97,11,1997,M,Orange,2
Melanie Brown,101200,2.16,11,1996,F,Blue,10
Christopher Lawrence,101201,1.5,11,1997,M,Blue,6
James Harrison,101202,1.93,11,1996,M,Purple,1
Tommy Willis,101203,0.74,11,1997,F,Purple,7
Sierra Moody,101204,0.03,11,1996,M,Yellow,6
Gabriel Garcia,101205,1.2,11,1997,M,Yellow,7
Joshua Wells,101206,0.81,11,1997,M,Red,1
Daniel Smith,101207,0.99,11,1997,M,Purple,1
Brenda Patterson,101208,1.85,11,1996,M,Orange,0
Gregory Hernandez,101209,0.69,11,1996,F,Green,3
Antonio Gomez MD,101210,1.68,11,1996,F,Yellow,8
Jeffery Haynes,101211,3.96,11,1996,F,Red,10
Nicole Hoffman,101212,2.52,11,1996,M,Purple,7
Ashley Allen,101213,0.66,11,1996,F,Yellow,8
Kayla Farmer,101214,3.35,11,1997,F,Purple,9
Tiffany Barrett,101215,0.05,11,1997,F,Green,3
Teresa Meyer,101216,1.24,11,1996,F,Red,2
Leonard Powers,101217,1.28,11,1997,M,Red,5
Timothy Parker,101218,2.72,11,1997,M,Red,5
David Knox PhD,101219,2.99,11,1997,M,Blue,8
Ronnie Carr,101220,0.02,11,1997,M,Pink,3
Cody Ball,101221,1.81,11,1996,M,Green,2
Jennifer Fuller,101222,0.52,11,1996,F,Pink,2
Alexa Wise,101223,0.32,11,1997,M,Green,3
Carlos Smith,101224,2.12,11,1996,F,Pink,5
Nicole Miller,101225,2.27,11,1996,F,Purple,9
Michelle Myers,101226,0.42,11,1996,F,Yellow,4
William Hensley,101227,3.77,11,1996,F,Pink,8
Alyssa Reed,101228,2.18,11,1996,M,Yellow,1
Lisa Barajas,101229,2.7,11,1997,M,Orange,9
Autumn Moore,101230,2.75,11,1997,F,Blue,4
Daniel Reyes,101231,1.49,11,1997,M,Purple,8
Brandon Gray,101232,0.55,11,1997,M,Yellow,1
Jennifer Robinson,101233,2.56,11,1997,M,Purple,8
Joshua Jones,101234,0.65,11,1996,F,Red,9
Miguel White,101235,0.6,11,1997,F,Green,2
Jessica Hale,101236,3.22,11,1997,F,Blue,1
Karen Mendez,101237,2.85,11,1997,M,Blue,1
Mercedes Harris,101238,0.79,11,1997,F,Yellow,4
Tiffany Ochoa,101239,2.62,11,1997,F,Purple,5
Kathy Jones,101240,0.15,11,1997,F,Yellow,5
Nicole Hoffman,101241,0.35,11,1997,M,Yellow,2
Omar Ramirez,101242,0.49,11,1997,F,Blue,9
Joyce Garcia,101243,3.5,11,1997,M,Red,5
Sarah Hernandez,101244,2.52,11,1996,M,Yellow,5
Lindsey Mitchell,101245,1.07,11,1996,M,Pink,2
Carl Young,101246,2.84,11,1996,M,Pink,10
Jimmy Richardson,101247,1.18,11,1996,F,Green,10
Theresa Martinez,101248,1.22,11,1996,M,Green,0
Denise Morgan,101249,3.52,11,1996,F,Yellow,8
Selena Flores,101250,1.35,11,1997,M,Green,9
Barbara Jacobs,101251,3.69,11,1996,M,Orange,1
Patricia Martin,101252,2.9,11,1996,F,Green,4
Joseph Perry,101253,1.87,11,1996,F,Purple,9
Mary Mckinney,101254,3.63,11,1996,F,Blue,6
Peggy Adams,101255,1.26,11,1996,M,Red,2
Sarah Martin,101256,3.88,11,1996,M,Orange,2
Mary Cain,101257,0.62,11,1997,M,Purple,8
Adrian Bray,101258,0.46,11,1996,F,Orange,3
Brian Williams,101259,0.78,11,1997,F,Pink,2
Samuel Moreno,101260,3.48,11,1996,M,Red,5
William Reid,101261,3.82,11,1997,F,Purple,7
Mary Perez,101262,2.5,11,1996,M,Purple,6
Melissa Boyd,101263,0.06,11,1996,F,Blue,3
Mr. William Rodriguez MD,101264,0.46,11,1997,M,Purple,0
Benjamin Ellis,101265,2.08,11,1996,M,Green,9
Hunter Thompson,101266,1.6,11,1996,F,Pink,3
Chloe Russo,101267,1.73,11,1997,M,Green,2
Morgan Larson,101268,2.44,11,1997,F,Red,5
Gabriel Sims,101269,0.91,11,1997,M,Orange,7
Michael Jackson,101270,2.47,11,1997,M,Purple,3
John James,101271,0.23,11,1996,M,Green,9
Timothy Warner,101272,0.58,11,1996,F,Yellow,3
Kaitlin Glover,101273,0.17,11,1996,M,Purple,9
Alex Silva,101274,2.77,11,1997,F,Green,9
Joel Gregory,101275,0.88,11,1997,M,Purple,7
Allison White,101276,1.5,11,1997,F,Orange,1
Kevin Johnson,101277,0.29,11,1997,F,Yellow,1
Christopher Campbell,101278,2.13,11,1997,F,Pink,4
Taylor Brewer,101279,0.19,11,1997,M,Green,5
Mrs. Christina Smith,101280,0.03,11,1996,F,Orange,9
Tanya Campos,101281,3.26,11,1997,M,Green,6
Daniel Wright,101282,0.03,11,1997,F,Green,2
Janet Rogers,101283,2.53,11,1997,F,Yellow,5
Veronica Thompson,101284,0.84,11,1997,M,Blue,7
Ian Sanchez,101285,1.47,11,1996,F,Red,9
Richard Torres,101286,0.76,11,1997,F,Orange,1
Lisa Turner,101287,1.43,11,1997,F,Orange,4
Richard Brock,101288,2.01,11,1996,M,Yellow,6
Brent Long,101289,1.85,11,1997,M,Green,4
Paul Hill,101290,2.36,11,1997,M,Orange,4
Linda Hansen,101291,1.81,11,1996,F,Blue,5
Madeline Lane,101292,0.93,11,1996,F,Purple,7
Steven Smith,101293,0.09,11,1997,F,Blue,6
Manuel Smith,101294,0.39,11,1997,F,Yellow,3
Christopher Hodges,101295,1.85,11,1996,F,Purple,4
Frank Woods,101296,3.87,11,1997,F,Blue,4
John Clark,101297,1.39,11,1997,M,Yellow,2
Laura Thomas,101298,2.56,11,1996,F,Orange,0
David Barrett,101299,0.39,11,1997,M,Pink,3
William Crosby,101300,2.55,11,1997,F,Purple,1
Dorothy Dyer,101301,2.67,11,1996,F,Blue,8
Lynn Andrade,101302,0.96,11,1996,M,Red,4
Alexander Smith,101303,1.94,11,1997,M,Pink,2
Nathan Bailey,101304,1.59,11,1996,M,Green,9
Angela Prince DVM,101305,1.04,11,1997,M,Blue,5
Aimee Price,101306,3.88,11,1996,F,Purple,0
Margaret Thomas,101307,1.21,11,1996,F,Blue,3
Jason Cross,101308,1.13,11,1996,F,Purple,6
Kelly Robinson,101309,3.25,11,1997,M,Purple,2
Lindsay Wu,101310,1.03,11,1997,M,Pink,9
Jacqueline Hudson,101311,3.86,11,1997,F,Yellow,1
Robert Burgess,101312,2.45,11,1996,M,Green,9
Dylan Bray,101313,0.17,11,1997,M,Yellow,1
David Miller,101314,2.03,11,1997,M,Orange,6
Wanda Nelson,101315,1.94,11,1997,M,Yellow,5
Marie Smith,101316,1.99,11,1997,F,Pink,3
Kelly Oliver,101317,1.89,11,1997,M,Red,4
Cindy Oconnor DVM,101318,0.58,11,1997,F,Orange,6
Brittany Herrera,101319,2.63,11,1997,M,Orange,3
Gabriel Craig,101320,3.73,11,1997,M,Purple,7
Charles King,101321,3.89,11,1997,F,Purple,2
William Wright,101322,1.93,11,1997,M,Red,5
Taylor Paul,101323,1.08,11,1997,M,Red,4
Jessica Alvarado,101324,2.38,11,1997,F,Blue,9
Riley West,101325,3.94,11,1996,M,Orange,3
Allison Rodriguez,101326,2.53,11,1997,M,Blue,2
Jodi Rios,101327,2.73,11,1997,F,Green,7
Noah Murray,101328,0.66,11,1997,F,Blue,0
Vanessa Smith,101329,1.47,11,1997,M,Orange,2
Lisa Trevino,101330,3.06,11,1997,M,Orange,10
Dale Wallace,101331,2.25,11,1997,F,Blue,2
Ronnie Taylor,101332,0.7,11,1997,F,Yellow,0
Christine Clark,101333,3.77,11,1997,M,Yellow,7
Jill Shepherd,101334,0.56,11,1996,F,Pink,6
Robert Mendez,101335,1.44,11,1997,M,Yellow,8
Shelly Hudson,101336,1.71,11,1996,M,Red,1
Scott Martinez,101337,1.35,11,1997,F,Green,4
Susan Johnson,101338,3.8,11,1997,F,Pink,6
Jack Garcia,101339,0.54,11,1996,F,Blue,5
Annette Lewis,101340,0.34,11,1996,M,Purple,7
Kelly Bryant,101341,3.91,11,1996,F,Purple,10
Marie Bell,101342,3.58,11,1996,F,Pink,2
James Dudley,101343,0.41,11,1997,M,Blue,3
Ruth Jenkins,101344,0.6,11,1996,F,Blue,9
Brenda Bush,101345,2.71,11,1997,M,Yellow,5
Michael Esparza,101346,3.65,11,1997,M,Red,6
Joseph Torres,101347,0.67,11,1996,M,Blue,3
Paul White,101348,0.2,11,1997,F,Green,3
Brooke Davidson,101349,0.41,11,1997,F,Yellow,4
Erin Wilson,101350,3.78,11,1996,M,Purple,4
Hannah Miller,101351,1.37,11,1997,M,Blue,1
Desiree Logan,101352,0.88,11,1997,M,Blue,9
Nicholas Johnson,101353,0.33,11,1997,M,Red,0
Erika Melendez,101354,0.94,11,1996,F,Pink,5
Michelle Morris,101355,1.09,11,1996,M,Yellow,0
Elizabeth Lewis,101356,2.3,11,1996,M,Purple,3
Wendy Ruiz,101357,2.67,11,1996,F,Green,5
Steven Fuller,101358,2.15,11,1997,F,Purple,4
Kristie Nichols,101359,0.11,11,1996,M,Orange,4
Jeffrey Downs,101360,3.44,11,1997,F,Green,8
Dale Smith,101361,1.35,11,1996,F,Purple,6
Tracy Marshall,101362,0.35,11,1996,M,Blue,10
Lisa Vega,101363,1.72,11,1997,F,Red,2
Joseph Stone,101364,0.44,11,1996,F,Pink,8
Joshua Ramirez,101365,1.81,11,1997,F,Orange,8
Laurie Aguilar,101366,1.04,11,1996,F,Red,4
Lee Johnson,101367,3.45,11,1996,M,Green,6
Vincent Frost Jr.,101368,0.73,11,1996,M,Blue,1
Evan Williams,101369,1.52,11,1997,M,Orange,1
Todd Williams,101370,3.42,11,1997,M,Pink,5
Christina Watson,101371,2.01,11,1997,M,Blue,2
Robert Moody,101372,0.39,11,1997,F,Red,1
Megan Wilson,101373,0.86,11,1996,F,Blue,10
David Flynn,101374,1.62,11,1997,F,Yellow,10
Thomas Williamson,101375,3.86,11,1997,F,Pink,1
Jennifer Frey,101376,3.66,11,1996,M,Red,7
Robert Cortez,101377,3.19,11,1996,M,Pink,4
Brian Ford,101378,2.64,11,1997,F,Purple,4
Zachary Wells,101379,0.64,11,1997,F,Pink,1
Alexander Johnson,101380,0.03,11,1997,F,Yellow,3
Eric Gomez,101381,1.04,11,1997,F,Green,6
Keith Diaz,101382,1.07,11,1997,F,Blue,5
Elijah Hawkins,101383,3.74,11,1996,M,Red,4
Michelle Brown,101384,3.06,11,1997,F,Purple,6
Kristen Richardson,101385,2.32,11,1996,F,Green,4
Justin Stewart,101386,0.54,11,1997,M,Red,3
James Sanford,101387,2.91,11,1996,M,Orange,5
Todd Gibson,101388,0.06,11,1996,M,Red,3
Matthew Oliver,101389,1.58,11,1996,M,Red,3
Stephen Gill,101390,1.1,11,1996,M,Red,3
Natasha Moore,101391,1.41,11,1996,M,Pink,7
Laura Torres,101392,3.11,11,1997,M,Red,1
Nicholas Ruiz,101393,0.75,11,1996,F,Yellow,9
Noah Gray,101394,1.09,11,1997,M,Purple,8
Katie King,101395,2.48,11,1996,F,Blue,6
Natalie Romero,101396,2.95,11,1997,M,Pink,3
Michael Moon,101397,2.82,11,1996,F,Blue,3
Steven Barnes,101398,0.58,11,1996,M,Green,9
Jonathan York,101399,3.38,11,1997,F,Pink,10
Christine Thompson,101400,2.29,11,1997,F,Pink,4
Sarah Torres,101401,3.89,11,1997,F,Purple,3
Jonathan Lopez,101402,1.78,11,1996,F,Yellow,5
Rebecca Wang,101403,1.79,11,1997,F,Purple,2
Jaime Adams,101404,1.88,11,1997,F,Orange,7
Joshua Ramos,101405,1.1,11,1997,F,Pink,2
Charles Smith,101406,0.02,11,1996,M,Blue,7
Leslie Porter,101407,0.26,11,1996,F,Yellow,7
Austin Krueger,101408,2.48,11,1997,F,Purple,7
Jennifer Lowery,101409,3.29,11,1996,F,Blue,6
Matthew Walker,101410,3.91,11,1996,F,Purple,5
Kristie Wolfe,101411,3.47,11,1997,F,Orange,9
Megan Perez,101412,1.42,11,1996,M,Pink,6
Ryan Ellis,101413,0.26,11,1997,F,Blue,7
Kimberly Moore,101414,2.7,11,1996,F,Red,1
Miss Madison Cameron,101415,1.49,11,1997,F,Orange,5
Jason Day,101416,1.59,11,1997,F,Orange,10
Mrs. Kristen Miller,101417,3.7,11,1996,F,Yellow,10
Christopher Galvan,101418,3.34,11,1997,F,Orange,7
Terry Mendoza,101419,3.65,11,1997,F,Pink,3
Linda Chen,101420,2.92,11,1996,M,Red,5
Michael Grant,101421,2.45,11,1996,F,Orange,6
Lisa Mcpherson,101422,1.13,11,1996,F,Red,8
Julie King,101423,3.25,11,1997,M,Yellow,1
Cheyenne Thompson,101424,1.17,11,1997,M,Purple,9
Michael Hart,101425,3.74,11,1996,M,Blue,10
Dawn Peterson,101426,2.05,11,1997,M,Red,5
Barbara Decker,101427,3.73,11,1997,F,Orange,8
Julie Russell,101428,2.02,11,1997,M,Orange,7
Shawn Crawford,101429,1.63,11,1997,M,Green,8
Scott Bender,101430,0.44,11,1997,M,Red,5
Gregory Smith,101431,3.79,11,1996,F,Purple,7
Michael Young,101432,1.65,11,1996,F,Yellow,3
Brian Patterson,101433,1.16,11,1996,F,Orange,7
Cassandra Herring,101434,3.65,11,1996,M,Purple,6
Samantha Jones,101435,3.36,11,1996,M,Yellow,10
Gerald Diaz,101436,0.08,11,1997,F,Pink,10
Connie Moore,101437,2.2,11,1996,M,Blue,9
Brandon Wright,101438,1.5,11,1997,F,Orange,8
Brian Brooks,101439,3.72,11,1996,F,Purple,3
Arthur Rhodes,101440,3.26,11,1996,M,Purple,2
Jill Allen,101441,3.66,11,1996,M,Purple,9
Mrs. Linda Grimes PhD,101442,1.25,11,1997,M,Yellow,5
Angela Smith,101443,2.05,11,1997,F,Red,7
Shelley Smith,101444,3.55,11,1997,M,Purple,8
Helen Mitchell,101445,2.2,11,1997,M,Green,0
Kelly Morris,101446,1.04,11,1996,F,Orange,6
Jonathan Castro,101447,3.3,11,1996,F,Orange,0
Ashley Arroyo,101448,2.77,11,1997,M,Orange,4
Catherine Obrien,101449,1.58,11,1996,M,Purple,3
Jesse Mcconnell,101450,3.63,11,1997,F,Red,5
Dawn David,101451,0.8,11,1996,F,Pink,0
Tim Dillon,101452,1.42,11,1997,M,Red,3
Jesse Nolan,101453,3.6,11,1996,M,Yellow,4
Terry Jones,101454,0.92,11,1996,M,Purple,9
Michael Stein,101455,0.13,11,1996,F,Green,0
Mark King,101456,3.72,11,1997,M,Green,6
Jacob Tanner,101457,0.11,11,1997,F,Yellow,4
Melanie Wade,101458,2.58,11,1996,F,Pink,6
Jeffrey Long,101459,2.82,11,1997,M,Blue,0
James Peterson,101460,0.57,11,1997,M,Red,3
Michael Wright,101461,0.77,11,1996,F,Green,6
Samantha Smith,101462,1.93,11,1997,M,Yellow,5
Caleb Anderson,101463,0.13,11,1996,M,Orange,8
Garrett Parker,101464,0.31,11,1997,F,Orange,6
Katelyn Hughes,101465,3.22,11,1997,M,Orange,5
Jennifer Martin,101466,3.0,11,1996,M,Yellow,2
Andrea Nash,101467,0.28,11,1997,M,Pink,6
John Dunn,101468,2.69,11,1997,M,Yellow,7
Aaron Wood,101469,1.66,11,1996,M,Orange,6
Joanne Jackson,101470,1.01,11,1996,F,Orange,5
Eric Brown,101471,3.36,11,1997,M,Orange,6
Sheri Briggs,101472,0.46,11,1996,M,Green,9
Carolyn King MD,101473,1.35,11,1997,F,Purple,8
Christina Flores,101474,0.37,11,1996,M,Orange,4
Brittney Thompson,101475,2.2,11,1997,F,Green,1
Shelby Woods,101476,2.37,11,1996,F,Blue,0
Steven Ward,101477,3.9,11,1996,F,Red,7
Michael Bailey,101478,3.23,11,1996,M,Red,7
Theresa Parker,101479,3.15,11,1996,F,Pink,6
Nicholas Gray,101480,3.75,11,1996,M,Blue,10
Matthew Rocha,101481,3.87,11,1997,M,Yellow,1
Lauren Bradford,101482,1.77,11,1997,F,Red,9
Angela Baker,101483,1.04,11,1997,F,Orange,10
Joseph Hunt,101484,1.78,12,1996,F,Green,0
Heather Hester,101485,1.72,12,1996,M,Pink,5
Dave Bishop,101486,1.93,12,1995,M,Pink,2
Douglas Pearson,101487,0.98,12,1995,F,Green,2
Brent Williams PhD,101488,2.11,12,1995,M,Yellow,10
Anthony Goodman,101489,1.1,12,1995,F,Green,7
Mary Pittman,101490,2.76,12,1996,M,Green,2
Morgan Lee,101491,2.66,12,1996,M,Purple,8
Nicole Jimenez,101492,3.9,12,1995,M,Blue,8
David Morgan,101493,0.63,12,1995,F,Purple,9
Jill Cooper,101494,2.82,12,1995,M,Purple,2
Diana Farley,101495,1.21,12,1996,F,Green,5
Emily Foley DDS,101496,3.58,12,1995,F,Blue,4
Karen Ramirez,101497,2.33,12,1995,F,Green,2
Heather Fox,101498,0.84,12,1996,F,Red,9
Sara White,101499,2.87,12,1996,M,Pink,7
Taylor Berg,101500,3.92,12,1996,F,Red,8
Elizabeth Garcia,101501,1.36,12,1995,F,Pink,4
Donald Gonzales,101502,0.5,12,1995,F,Orange,6
Kurt Romero,101503,2.45,12,1995,F,Orange,3
Leslie Stanley,101504,2.1,12,1995,M,Red,5
Hannah Hickman,101505,2.74,12,1996,F,Green,5
Timothy Jacobs,101506,3.24,12,1996,F,Blue,2
Maria Meyer,101507,3.81,12,1996,M,Red,2
Diana Nielsen,101508,3.01,12,1996,F,Red,2
Cindy Howard,101509,2.95,12,1995,F,Red,9
Brandon Rodriguez,101510,0.81,12,1996,M,Green,0
Benjamin Thomas,101511,1.56,12,1996,M,Blue,9
Robert Brown,101512,1.5,12,1995,F,Green,10
Alexis Klein,101513,2.19,12,1995,M,Green,4
Gary Barber,101514,3.88,12,1995,M,Green,9
James Henderson,101515,2.65,12,1995,M,Pink,8
Bobby Valenzuela,101516,3.56,12,1996,F,Blue,8
Jordan Collins,101517,3.64,12,1995,M,Green,1
Bruce Moore,101518,3.39,12,1996,F,Red,10
Scott Anderson,101519,0.34,12,1995,F,Orange,2
Andrea Garcia,101520,1.65,12,1996,M,Blue,8
Wayne Jenkins,101521,1.98,12,1996,M,Red,3
Courtney Lee,101522,1.55,12,1996,M,Pink,4
Sharon Hendrix,101523,2.04,12,1996,F,Pink,9
Mary Tucker,101524,3.54,12,1995,M,Yellow,6
Patricia Peterson,101525,1.03,12,1995,F,Blue,9
John Dennis,101526,2.57,12,1995,M,Yellow,5
Kevin Prince DDS,101527,1.82,12,1995,F,Red,4
John Patrick,101528,1.16,12,1996,F,Purple,4
Beth Norman,101529,3.87,12,1995,F,Yellow,2
Peter Armstrong,101530,1.59,12,1995,F,Pink,2
Robin Wu,101531,2.96,12,1995,M,Pink,0
Jessica Knapp,101532,0.25,12,1995,M,Green,9
Linda Long,101533,1.42,12,1996,F,Green,5
James Richardson PhD,101534,1.12,12,1995,F,Pink,5
Brenda Morales,101535,2.17,12,1996,M,Green,10
Victor Harris,101536,3.25,12,1995,M,Blue,8
Traci Atkins,101537,3.64,12,1995,M,Pink,3
James Oliver,101538,2.8,12,1996,F,Purple,2
Dr. William Dean,101539,3.09,12,1996,M,Orange,1
Amy Singh,101540,2.29,12,1995,F,Red,0
Jennifer Harris,101541,0.72,12,1996,F,Yellow,5
Jonathan May,101542,2.76,12,1996,F,Purple,3
Justin Flores,101543,3.2,12,1996,M,Pink,8
Michelle Little,101544,2.19,12,1996,F,Blue,8
Rachel Lewis,101545,1.99,12,1995,M,Green,4
Jamie Stewart,101546,2.42,12,1995,F,Yellow,6
Angela Ramirez,101547,2.96,12,1995,F,Green,0
Kayla Aguilar,101548,1.49,12,1995,M,Yellow,0
Rebecca Clark,101549,2.81,12,1995,M,Orange,7
Sarah Clark,101550,1.98,12,1995,F,Blue,10
David Davis,101551,2.76,12,1996,F,Yellow,3
Alexa Davenport,101552,3.12,12,1996,F,Orange,5
Gregory King,101553,1.4,12,1996,M,Yellow,5
Kimberly Barton,101554,2.56,12,1995,F,Purple,10
Tamara Wall,101555,1.03,12,1996,M,Orange,1
Sonya Garrett,101556,0.13,12,1995,M,Red,4
Rodney Johnson,101557,3.64,12,1996,F,Orange,0
Sandra Vaughan,101558,3.13,12,1996,F,Orange,2
Antonio Jones,101559,0.4,12,1995,F,Pink,5
Kenneth Thornton,101560,2.52,12,1996,F,Red,4
Ryan Hudson,101561,0.88,12,1996,F,Pink,10
Susan Griffin,101562,3.36,12,1996,F,Green,4
Ronnie Hansen,101563,1.04,12,1995,M,Red,9
Nicole Morris,101564,0.81,12,1996,M,Red,8
Robert Cruz,101565,2.98,12,1995,M,Purple,6
William Johnson,101566,1.87,12,1995,M,Orange,1
Travis Mcguire,101567,1.34,12,1995,M,Orange,4
Jeffrey Brady,101568,3.42,12,1996,M,Blue,8
Michelle Mason,101569,1.75,12,1995,M,Yellow,10
Andrea Johnson,101570,2.71,12,1995,F,Yellow,7
Jill Guzman,101571,1.74,12,1995,F,Orange,2
Kelly Davis,101572,0.94,12,1996,M,Orange,7
Barry Johnson,101573,0.27,12,1995,M,Red,5
April Wagner,101574,0.74,12,1995,F,Pink,9
John Young,101575,0.35,12,1996,M,Green,4
Justin Ramos,101576,1.31,12,1995,F,Orange,10
Amber Williamson,101577,0.33,12,1995,F,Yellow,9
Beth Stephens,101578,0.16,12,1996,F,Blue,9
Todd Vargas,101579,2.17,12,1996,F,Red,3
Kirk Fields,101580,1.69,12,1996,F,Orange,6
Rachel Perry,101581,2.07,12,1996,M,Blue,7
Calvin Carter,101582,1.88,12,1995,F,Blue,0
Michael Adkins,101583,0.55,12,1995,F,Orange,8
Dana Zhang,101584,0.72,12,1995,F,Pink,8
Erica Ramirez,101585,2.78,12,1996,M,Green,6
Jonathan Black,101586,3.84,12,1996,F,Red,6
William Dixon,101587,1.06,12,1996,M,Red,4
Frank Hopkins,101588,3.76,12,1996,F,Blue,2
Aaron Walsh,101589,1.59,12,1995,M,Pink,7
Matthew Murphy,101590,3.32,12,1995,F,Pink,4
Colleen Lawson,101591,2.36,12,1995,F,Orange,5
Danielle Morales,101592,0.11,12,1995,M,Yellow,1
Tracy Brooks,101593,3.91,12,1995,M,Pink,9
Diane Mejia,101594,3.61,12,1995,F,Pink,0
Mary Lowery,101595,1.63,12,1995,M,Green,8
Rachel Jones,101596,2.14,12,1996,F,Blue,0
Sara Haynes,101597,2.19,12,1995,F,Purple,9
Neil Rangel,101598,3.62,12,1996,F,Blue,0
Keith Rodriguez,101599,3.5,12,1996,F,Red,9
Martha Hayes DDS,101600,1.1,12,1995,M,Yellow,3
Colin Owens,101601,1.95,12,1995,M,Red,1
Julie Lopez,101602,1.83,12,1996,F,Purple,9
James Ford,101603,1.96,12,1995,M,Orange,7
Madison Higgins,101604,0.05,12,1996,M,Pink,10
Kathleen Collins,101605,2.86,12,1996,M,Green,6
Juan Hendricks,101606,3.31,12,1995,M,Blue,1
Laura Ross,101607,1.94,12,1996,M,Purple,9
Charles Bennett,101608,1.41,12,1996,M,Purple,9
Katie Burke,101609,3.72,12,1995,F,Yellow,5
Ian Kelly,101610,3.85,12,1996,M,Purple,5
Andrew Fuller,101611,2.99,12,1996,M,Red,3
Taylor Dean,101612,2.57,12,1995,M,Blue,8
Theresa Wells,101613,1.01,12,1995,F,Red,10
Shannon Wilson,101614,2.61,12,1996,F,Green,8
Christopher Patterson PhD,101615,0.49,12,1995,F,Purple,4
Christian Rivera,101616,1.83,12,1996,M,Pink,6
Krista Stevenson,101617,2.53,12,1995,M,Red,3
Ashley Mata,101618,2.32,12,1996,M,Red,0
Cindy Joyce,101619,3.48,12,1996,F,Orange,4
Dennis Cruz,101620,3.09,12,1996,M,Purple,0
Sharon Moore DDS,101621,0.86,12,1996,M,Yellow,10
Andrea Adams,101622,1.81,12,1996,F,Red,6
Michelle Massey,101623,3.51,12,1996,M,Pink,5
Teresa Long,101624,1.25,12,1996,M,Orange,8
Joshua Jones,101625,0.42,12,1996,M,Yellow,5
Mr. Stephen Johnson DVM,101626,1.09,12,1995,M,Blue,8
Deborah Summers,101627,2.89,12,1995,M,Pink,3
Luis Peterson,101628,2.33,12,1996,M,Orange,1
Randy Conner,101629,1.17,12,1996,M,Blue,10
Nancy Ingram,101630,1.39,12,1995,M,Purple,9
William Sweeney,101631,0.38,12,1996,F,Pink,6
John Alexander,101632,0.03,12,1996,F,Green,7
Colleen Smith,101633,3.1,12,1995,F,Purple,8
John Wilson,101634,0.24,12,1995,M,Purple,8
Aaron Gonzalez,101635,4.0,12,1995,F,Orange,3
Tyler Williams,101636,1.47,12,1995,M,Yellow,5
Martha Lewis,101637,3.89,12,1996,M,Yellow,4
Amanda Cunningham,101638,0.32,12,1995,F,Orange,1
Carl Boone,101639,2.82,12,1995,M,Purple,0
Shawn Ruiz,101640,0.18,12,1995,M,Orange,4
Joseph Hansen,101641,3.03,12,1996,F,Yellow,5
Charles Wagner,101642,2.57,12,1996,M,Orange,1
Danny Mcdonald,101643,1.47,12,1996,M,Purple,6
Brandon Flores,101644,3.69,12,1996,M,Purple,6
Terrance Lang,101645,2.87,12,1996,F,Purple,0
Gregory Johnson,101646,2.68,12,1995,M,Purple,0
Bradley Peters,101647,0.59,12,1995,M,Orange,0
Shannon Leonard,101648,3.96,12,1995,M,Purple,10
Brittney Carter,101649,1.98,12,1995,F,Purple,5
Keith Vega,101650,2.27,12,1996,F,Yellow,1
Amber Patel,101651,0.34,12,1996,M,Yellow,2
Maria Harris,101652,3.33,12,1995,M,Yellow,7
Heather Martin,101653,0.37,12,1995,M,Pink,4
Terry Johnson,101654,1.66,12,1995,M,Yellow,8
Michael Nunez,101655,3.33,12,1995,M,Red,5
Cassie Reed,101656,1.56,12,1995,M,Red,6
Ashley Campbell,101657,0.91,12,1995,F,Green,3
Mark Brown,101658,0.26,12,1996,F,Orange,5
Laura Dawson,101659,2.92,12,1995,F,Orange,10
Benjamin Fowler,101660,1.81,12,1996,M,Yellow,0
Tabitha Harper,101661,0.63,12,1996,M,Purple,1
Joseph Olson,101662,0.46,12,1996,F,Yellow,8
James Delgado,101663,2.95,12,1995,M,Red,4
Paul Butler,101664,3.48,12,1996,M,Red,2
Alyssa Smith,101665,2.97,12,1996,F,Orange,8
Mr. David Camacho Jr.,101666,0.0,12,1995,M,Green,7
William Clay,101667,1.99,12,1995,F,Orange,9
George Williams,101668,1.41,12,1995,F,Purple,8
Stephanie Nichols,101669,1.14,12,1996,M,Yellow,10
Melissa Bush,101670,2.24,12,1995,M,Orange,9
Gregory Murillo,101671,2.13,12,1995,F,Yellow,9
John Mcneil Jr.,101672,1.4,12,1995,F,Yellow,2
Tracy Reese,101673,0.09,12,1995,M,Red,3
Courtney Shields,101674,3.12,12,1996,F,Green,7
Justin Massey,101675,0.98,12,1996,M,Pink,2
Jennifer Noble,101676,2.25,12,1995,M,Orange,0
Wanda Howard,101677,1.35,12,1996,M,Purple,10
Tammie Anderson,101678,2.04,12,1995,M,Red,7
Mindy Lee,101679,2.2,12,1995,M,Orange,3
Stanley Nguyen,101680,3.46,12,1996,M,Purple,10
Scott Vega,101681,0.57,12,1995,F,Purple,3
Joseph Cole,101682,2.88,12,1995,M,Red,10
Amanda Sanchez,101683,1.9,12,1995,M,Yellow,2
Kenneth Jones,101684,0.98,12,1995,M,Red,0
Alex Long,101685,3.67,12,1995,M,Orange,5
David Murphy,101686,3.86,12,1995,F,Green,1
Andrew Frye,101687,0.14,12,1995,F,Green,2
Andrew Johnson,101688,2.73,12,1996,M,Yellow,5
Sarah Thomas,101689,0.52,12,1995,F,Purple,2
Karen Tyler,101690,3.46,12,1996,M,Pink,2
Chase Larsen,101691,0.01,12,1996,M,Green,5
Matthew Delacruz,101692,1.32,12,1996,M,Blue,0
Charles Martinez,101693,0.38,12,1996,M,Yellow,7
Dakota Garcia,101694,3.7,12,1996,M,Pink,2
Hunter Lane,101695,1.27,12,1995,M,Purple,5
Katie Allen,101696,0.93,12,1996,F,Green,8
Chase Williamson,101697,0.15,12,1995,M,Green,8
Emily Gonzalez,101698,2.43,12,1996,F,Green,6
Justin Reed,101699,3.3,12,1995,F,Purple,4
Maria Leonard,101700,0.57,12,1996,F,Blue,7
Alexis Wilson,101701,3.67,12,1996,M,Green,10
Troy Hill,101702,0.88,12,1995,M,Blue,9
Michael Mcbride,101703,0.74,12,1996,F,Orange,3
Christopher Hunt,101704,1.33,12,1995,M,Red,6
Jason Benton,101705,3.8,12,1996,M,Orange,9
Shelby Johnson,101706,2.57,12,1995,M,Red,6
Lindsey Holmes,101707,3.77,12,1995,M,Yellow,9
Thomas Young,101708,2.82,12,1996,M,Purple,7
Erin Davis,101709,1.3,12,1996,F,Green,10
William Lopez,101710,0.05,12,1995,M,Orange,1
Jessica Weeks,101711,0.72,12,1995,M,Pink,1
Donna Fitzgerald,101712,1.95,12,1995,F,Red,10
Robert Parker,101713,0.28,12,1995,F,Orange,4
Edward Conner,101714,0.57,12,1996,F,Pink,0
Jared Smith,101715,3.77,12,1996,M,Green,1
Thomas Williams,101716,3.77,12,1996,M,Orange,0
Joshua Estrada,101717,1.66,12,1996,F,Red,1
Nicole Sexton,101718,0.04,12,1996,M,Purple,6
Randy Bailey,101719,3.19,12,1996,M,Yellow,10
Christine Ball,101720,1.69,12,1995,M,Yellow,8
Timothy Randall Jr.,101721,0.9,12,1995,M,Pink,4
Bianca Cabrera,101722,0.96,12,1996,F,Pink,2
Janet Flores,101723,1.38,12,1995,M,Pink,8
Pamela Valentine,101724,2.36,12,1995,M,Purple,1
Melissa Hayes DVM,101725,2.84,12,1995,M,Pink,7
Andrew Livingston,101726,2.15,12,1996,F,Purple,6
Loretta Mcmillan,101727,3.37,12,1996,F,Green,3
Nathan Harris,101728,2.32,12,1995,F,Orange,7
Chad Harmon,101729,3.74,12,1995,F,Green,2
Joshua Henry,101730,0.65,12,1995,F,Green,0
Hannah Carr,101731,2.37,12,1995,F,Orange,7
Joy Ruiz,101732,2.15,12,1996,M,Red,10
Sarah Bautista,101733,1.08,12,1996,F,Yellow,7
Peter Good,101734,2.14,12,1995,M,Purple,1
Natalie Parker,101735,0.12,12,1996,M,Blue,0
Dana Jones,101736,2.83,12,1995,M,Purple,3
Holly Morgan,101737,0.15,12,1995,M,Red,5
William Stevenson,101738,2.97,12,1995,M,Pink,7
Molly Wallace,101739,1.8,12,1995,F,Purple,8
Devin Wade,101740,0.19,12,1996,F,Red,8
Felicia Alexander,101741,0.85,12,1996,F,Pink,5
Thomas Hogan,101742,1.52,12,1996,M,Red,3
Crystal Gould,101743,2.38,12,1995,F,Red,1
Steven Fleming,101744,1.4,12,1995,F,Orange,10
Tara Barrett,101745,0.87,12,1996,M,Green,2
Andrew Fisher,101746,1.61,12,1996,M,Orange,7
Robert Newman,101747,0.71,12,1995,M,Pink,4
Robert Nguyen,101748,1.9,12,1995,M,Pink,2
Laura Smith,101749,3.39,12,1995,M,Blue,0
Kathryn Anderson,101750,1.44,12,1995,M,Green,10
Bradley Mack,101751,1.29,12,1995,M,Red,7
Justin Scott,101752,0.89,12,1996,M,Pink,2
Hailey Ferrell,101753,2.23,12,1996,F,Yellow,2
Mary Phillips,101754,3.99,12,1995,M,Pink,4
Patty Huynh,101755,3.7,12,1995,F,Pink,7
Kevin Kim,101756,3.31,12,1996,M,Purple,0
Richard Lawson,101757,2.35,12,1995,F,Green,0
Eric Brooks,101758,2.21,12,1995,F,Yellow,8
Allison Choi,101759,1.83,12,1995,F,Purple,0
William Hill,101760,1.6,12,1996,M,Yellow,3
Jillian Martin,101761,2.85,12,1996,F,Yellow,7
Brenda Garcia,101762,3.94,12,1996,F,Blue,7
Peter Clark,101763,2.58,12,1996,M,Green,7
Brian Freeman,101764,3.93,12,1995,F,Blue,10
Terry Day,101765,1.34,12,1995,F,Green,9
Kimberly Hernandez,101766,0.97,12,1996,F,Red,7
Isabella Harris,101767,3.06,12,1996,F,Red,2
Marie Hammond,101768,2.89,12,1996,F,Yellow,1
Diane Johnson,101769,1.85,12,1996,F,Orange,4
Keith Ward,101770,2.63,12,1996,M,Pink,9
Heather Thomas,101771,1.91,12,1996,M,Blue,6
Jim Mills,101772,3.07,12,1996,F,Orange,3
Mrs. Lori Diaz DVM,101773,3.19,12,1996,M,Blue,7
Andrea Dalton,101774,0.5,12,1995,F,Yellow,8
Anthony Harris,101775,1.58,12,1995,F,Yellow,1
Zachary Wiley,101776,2.37,12,1996,M,Yellow,7
Joseph Griffin,101777,2.47,12,1995,F,Red,3
Aaron Moore,101778,0.76,12,1996,F,Purple,4
Sandra Owens,101779,1.84,12,1996,M,Yellow,9
Mrs. Catherine Martinez DDS,101780,1.53,12,1995,M,Orange,6
Darren Jones,101781,0.12,12,1996,M,Purple,8
Elizabeth Adams,101782,2.78,12,1996,F,Purple,7
Kevin Williams,101783,0.17,12,1996,F,Blue,3
Edwin Diaz,101784,0.0,12,1995,M,Red,1
Robert Vargas,101785,1.58,12,1996,M,Orange,9
Jacob Jefferson,101786,2.33,12,1996,F,Orange,3
Danielle Gonzalez,101787,0.91,12,1995,F,Pink,3
Christopher Frazier,101788,2.39,12,1996,F,Purple,10
Bobby Davis,101789,2.8,12,1996,M,Purple,7
Stephanie Hill,101790,3.92,12,1995,F,Purple,7
Anna Lewis,101791,0.67,12,1996,F,Orange,1
Benjamin Garcia,101792,2.75,12,1995,F,Orange,5
Brad Greer,101793,1.98,12,1995,M,Pink,8
Susan Day,101794,0.36,12,1996,M,Green,2
Aaron Hall,101795,2.68,12,1996,M,Pink,3
Michael Flores,101796,0.94,12,1996,M,Orange,5
Anthony Jackson,101797,2.37,12,1996,M,Pink,1
Eric Wiggins,101798,1.51,12,1995,F,Orange,9
Wanda Butler,101799,1.99,12,1996,M,Red,5
Traci Wright,101800,1.36,12,1996,M,Purple,6
Ryan Bailey,101801,1.18,12,1996,M,Blue,7
Jonathan Rogers,101802,1.24,12,1996,F,Yellow,10
James Sherman,101803,0.97,12,1995,M,Yellow,0
Joseph Jones,101804,2.82,12,1996,F,Pink,1
Maria Butler,101805,3.93,12,1995,F,Pink,7
Mary Thomas,101806,2.82,12,1996,F,Orange,8
Teresa Gonzalez,101807,0.49,12,1996,M,Red,10
Ryan Jackson,101808,0.81,12,1995,F,Blue,9
Kelly Ballard,101809,0.33,12,1995,M,Orange,4
Brianna Tucker,101810,2.05,12,1995,M,Yellow,3
Jamie Anderson,101811,0.99,12,1996,M,Orange,1
Brenda Hill,101812,1.28,12,1996,M,Green,1
Andrea Peterson,101813,0.23,12,1996,M,Red,6
Brent Macias,101814,1.37,12,1995,M,Purple,0
Richard Gilbert,101815,3.04,12,1995,F,Pink,2
Amy Scott,101816,3.76,12,1996,F,Orange,7
Danielle Green,101817,0.82,12,1995,M,Blue,5
Edward Cabrera,101818,0.73,12,1996,F,Green,1
Paul Barnett,101819,2.05,12,1996,M,Red,5
Karen Haney,101820,3.55,12,1995,M,Blue,3
Bryan Cook,101821,3.85,12,1995,F,Purple,4
Raymond Young,101822,3.95,12,1996,M,Yellow,7
Alexis Wood,101823,0.32,12,1996,M,Yellow,8
Dominique Long,101824,2.76,12,1996,M,Orange,3
Larry Howard,101825,2.05,12,1996,F,Orange,0
Theresa Soto,101826,1.11,12,1996,M,Red,7
Julie Mosley,101827,0.17,12,1995,M,Green,10
Christopher Ross,101828,0.13,12,1995,F,Blue,8
Corey Barnes,101829,1.02,12,1995,F,Yellow,5
Laura Pitts,101830,3.56,12,1996,F,Green,10
Sherry Hicks,101831,1.46,12,1995,F,Orange,2
Thomas Murphy,101832,0.25,12,1995,F,Blue,3
Daniel May,101833,3.52,12,1995,F,Yellow,9
Mindy Rich,101834,3.36,12,1995,F,Green,1
Seth Jackson,101835,3.7,12,1996,F,Blue,9
Amber Hoffman,101836,0.99,12,1995,M,Yellow,9
Carolyn Bates,101837,2.96,12,1995,F,Yellow,0
Roberta Cochran,101838,1.94,12,1996,M,Yellow,4
Jeffrey Lambert,101839,0.46,12,1995,M,Orange,5
Donna Obrien,101840,1.59,12,1995,F,Blue,0
Michelle Thompson,101841,0.07,12,1996,F,Orange,4
Gary Barrett,101842,1.43,12,1995,F,Yellow,7
Randall Roy,101843,1.81,12,1995,F,Yellow,10
John Flores,101844,1.55,12,1996,M,Purple,7
Robert Alvarado,101845,0.61,12,1995,M,Blue,4
Timothy Ryan,101846,0.7,12,1995,M,Blue,0
Sarah Brown,101847,2.19,12,1995,F,Red,9
Edward Lee,101848,0.56,12,1996,F,Blue,3
Christina Stokes,101849,1.79,12,1996,F,Orange,9
Cole Martinez,101850,1.91,12,1995,F,Orange,8
Seth Sosa,101851,3.66,12,1995,F,Green,8
Diana Ruiz,101852,0.49,12,1995,M,Yellow,0
Steven Cole,101853,1.07,12,1995,M,Red,7
Sandra Miller,101854,0.48,12,1995,F,Purple,1
Mr. Jeremy Williams,101855,3.21,12,1996,M,Blue,6
Scott Smith,101856,2.65,12,1996,M,Blue,6
Stephanie Clay,101857,2.78,12,1996,M,Purple,4
Chris Lane,101858,0.37,12,1995,M,Red,2
George Castro,101859,2.26,12,1996,F,Blue,4
Wendy Clay,101860,3.92,12,1995,M,Pink,2
Matthew Chandler,101861,2.11,12,1995,F,Pink,2
Laura Mitchell,101862,0.65,12,1995,M,Pink,1
Joseph Curry,101863,2.17,12,1995,F,Pink,3
Veronica Smith,101864,2.33,12,1995,F,Blue,1
Vincent Bell,101865,0.72,12,1995,M,Yellow,8
Breanna Myers,101866,0.13,12,1996,M,Red,5
Mark Hall,101867,0.5,12,1996,F,Green,1
Aaron Thornton,101868,3.79,12,1995,F,Orange,0
Heather Romero,101869,0.89,12,1995,F,Blue,2
Karen Santos,101870,0.4,12,1995,F,Orange,0
Lindsey Jordan,101871,1.66,12,1996,M,Green,3
Teresa Mcdowell,101872,2.19,12,1995,F,Orange,4
Christopher Kim,101873,3.1,12,1996,F,Yellow,4
Daniel Berg IV,101874,3.89,12,1996,F,Red,7
Kathy Graves,101875,2.41,12,1995,F,Pink,7
Sabrina Combs,101876,3.17,12,1996,F,Orange,6
Linda Jackson,101877,0.54,12,1996,F,Blue,9
Kimberly Knox,101878,3.95,12,1996,M,Orange,7
Amy Morgan,101879,2.12,12,1996,F,Blue,0
Hannah Mays,101880,1.81,12,1996,M,Purple,6
Shawn Huffman,101881,1.51,12,1995,M,Yellow,4
Patricia Blair,101882,3.87,12,1995,M,Pink,3
Amber Torres,101883,0.97,12,1995,M,Orange,8
Angela Smith,101884,2.9,12,1996,M,Blue,2
Casey Carter,101885,0.19,12,1995,M,Red,3
Brian Murray,101886,2.09,12,1995,F,Purple,2
Ashley Rojas,101887,2.53,12,1996,M,Purple,5
Miss Mary Johnson,101888,1.9,12,1995,M,Orange,8
Shelley Callahan,101889,2.02,12,1996,F,Blue,5
Spencer Dunlap,101890,2.97,12,1996,F,Pink,1
Bryan Martin,101891,2.25,12,1996,M,Pink,7
Sandra Lopez,101892,1.05,12,1995,M,Pink,7
William Nicholson,101893,2.19,12,1996,M,Red,10
Katherine Burns,101894,0.03,12,1996,F,Green,10
Robert Todd,101895,3.64,12,1996,F,Red,4
Bryan Smith Jr.,101896,2.43,12,1996,M,Purple,3
Mitchell Wright,101897,1.23,12,1995,M,Green,5
Christopher Morales,101898,3.91,12,1995,F,Orange,4
Anne Johnson,101899,1.01,12,1996,M,Red,6
Martha Martinez,101900,1.44,12,1995,F,Green,10
Lisa Henderson,101901,3.59,12,1996,F,Blue,6
Ashley Stephenson,101902,1.72,12,1996,F,Blue,8
John Lewis,101903,3.45,12,1996,F,Red,10
Mr. Paul Wright MD,101904,0.71,12,1996,M,Orange,0
Christopher Hernandez,101905,2.68,12,1995,M,Yellow,7
Brian Johnson,101906,3.03,12,1996,F,Pink,10
Rachel Garcia,101907,1.78,12,1995,M,Green,5
William Peters,101908,1.74,12,1996,F,Red,0
Nicole Kline,101909,1.05,12,1995,F,Yellow,7
Michael Duran,101910,1.84,12,1996,F,Pink,8
Nancy Hart,101911,3.72,12,1995,F,Orange,4
Edward Smith,101912,3.06,12,1996,F,Blue,5
James Marshall,101913,2.73,12,1996,F,Blue,2
Matthew Phillips,101914,1.68,12,1996,M,Orange,9
Robert Gonzalez,101915,2.19,12,1996,F,Blue,8
Tyler Rogers,101916,3.9,12,1995,M,Orange,7
Jesse Jackson,101917,1.42,12,1996,M,Pink,5
Lisa Herring MD,101918,0.55,12,1995,M,Pink,10
Connie Norton,101919,0.35,12,1995,F,Red,1
Derek Moyer,101920,2.52,12,1996,F,Green,3
Catherine Roberts,101921,2.85,12,1995,F,Orange,0
Scott Finley,101922,2.52,12,1996,F,Pink,7
Luis Contreras,101923,2.02,12,1996,F,Orange,1
Elizabeth Garcia,101924,0.28,12,1996,F,Purple,10
Taylor Johnson,101925,3.91,12,1995,M,Blue,7
Timothy Rice,101926,0.03,12,1995,F,Blue,1
Ebony Newman,101927,2.88,12,1995,M,Orange,8
Andrea Turner,101928,0.2,12,1995,M,Blue,2
April Townsend,101929,2.11,12,1996,M,Blue,2
Joseph Dillon,101930,1.47,12,1995,M,Orange,2
Katie Ramos,101931,3.11,12,1995,M,Red,1
Blake Jennings,101932,1.47,12,1996,M,Blue,6
Ashley White,101933,0.76,12,1996,M,Red,6
Parker Lewis,101934,3.09,12,1996,M,Yellow,8
Christian Anderson,101935,2.16,12,1996,F,Yellow,9
Debra Estrada,101936,2.89,12,1995,M,Blue,7
Katherine Chandler,101937,3.03,12,1995,F,Red,1
Sheila Thompson,101938,2.2,12,1996,M,Pink,9
Henry Lopez,101939,3.93,12,1995,M,Green,7
Mr. Craig Poole,101940,2.81,12,1996,F,Blue,7
Tracy Singh,101941,3.25,12,1995,F,Purple,5
Jennifer Anderson,101942,0.88,12,1996,M,Blue,5
Nancy Ross,101943,2.53,12,1996,F,Red,2
Melissa Austin,101944,0.0,12,1995,M,Pink,6
Mrs. Tammy Morrison MD,101945,0.18,12,1995,F,Red,7
Scott Atkins,101946,3.65,12,1995,M,Pink,7
Christian Salas,101947,1.2,12,1995,M,Blue,6
Michael Reed,101948,1.9,12,1996,M,Green,6
Leslie Gardner,101949,2.45,12,1995,F,Purple,9
Kathryn Martin,101950,0.86,12,1996,F,Yellow,0
Nancy Lopez,101951,1.22,12,1995,F,Pink,7
Amanda Decker,101952,1.78,12,1996,M,Green,6
David Hobbs,101953,3.9,12,1995,F,Blue,0
Ian Morgan,101954,3.78,12,1996,F,Red,10
Michael Harris,101955,0.16,12,1995,F,Purple,4
Stephanie Branch,101956,3.24,12,1995,M,Red,7
Melissa Fisher,101957,2.31,12,1995,M,Purple,2
Christian Ware,101958,3.39,12,1996,F,Green,4
Kristin Thomas,101959,1.54,12,1996,M,Orange,10
Sara Shaw,101960,0.14,12,1995,F,Pink,7
Jennifer Chapman,101961,1.21,12,1995,M,Yellow,0
Taylor Clark,101962,2.65,12,1995,F,Red,6
Darrell Sanders,101963,3.07,12,1995,M,Pink,10
Joseph Martinez,101964,0.9,12,1996,M,Pink,5
Tanner Austin,101965,3.8,12,1996,M,Pink,4
Roberto Mcmillan,101966,2.73,12,1995,M,Blue,1
Jeffrey Jordan,101967,2.88,12,1996,F,Blue,1
Alec Moore,101968,0.32,12,1996,M,Pink,2
Joseph Noble,101969,0.4,12,1996,F,Blue,0
Patrick Wood,101970,1.06,12,1996,F,Red,1
Alexis Sawyer,101971,0.52,12,1995,M,Red,3
Gary Carroll,101972,2.87,12,1995,F,Blue,9
Jimmy Hoover,101973,1.84,12,1996,F,Orange,6
Sarah Hayes,101974,2.54,12,1996,F,Green,10
Thomas Abbott,101975,0.04,12,1995,M,Green,10
Elizabeth Bridges,101976,1.29,12,1995,F,Orange,10
Oscar Farrell,101977,1.76,12,1996,F,Purple,9
Tanya Collins,101978,2.78,12,1995,M,Pink,10
Corey Garrett,101979,3.39,12,1996,F,Green,2
Robert Robinson,101980,1.4,12,1995,M,Purple,9
Ruben Johnson,101981,0.71,12,1996,M,Red,7
Marcus Mendez,101982,1.17,12,1995,M,Blue,7
Jon Gonzalez,101983,0.45,12,1995,F,Yellow,3
Nicholas Hansen,101984,0.56,12,1996,F,Pink,0
Andrea Dominguez,101985,0.43,12,1995,F,Blue,7
Christopher Kerr,101986,2.14,12,1995,M,Pink,4
Stephanie Smith,101987,3.53,12,1995,M,Red,10
Jeremiah Young,101988,0.75,12,1996,F,Green,1
Jamie Joseph,101989,1.02,12,1996,M,Pink,5
Stephanie Maynard,101990,2.08,12,1995,M,Pink,7
Michelle Hughes,101991,0.28,12,1996,F,Red,0
Toni Avery,101992,1.96,12,1995,M,Yellow,8
Angel Diaz,101993,2.81,12,1995,F,Green,3
John Burns,101994,3.12,12,1995,F,Yellow,10
Julie Rogers,101995,1.02,12,1996,F,Orange,2
